Index,Sequence,B_22,Table
1,PPHPPPHPPHPHHHHHPPPP,-400,T1 (Row 9)
2,PHPHHHHHHHHHHHHPHPPH,-400,T1 (Row 36)
3,PHPHHHHHHHHHHHHPHPPH,-1000,T2 (Row 35)
4,PPHPPPHPPHPHHHHHPPPP,-1000,T2 (Row 9)
5,PHPPPPPHHHHPHHPPPHPP,-1000,T2 (Row 6)
6,PHHPHPHHHHHHHPPPPHPH,-400,T1 (Row 28)
7,PHPPPPPHHHHPHHPPPHPP,-400,T1 (Row 6)
8,HPHPHHHHHHHHHPHPHHHP,-400,T1 (Row 34)
9,PPHHPHHHHHHHHHHHHHPH,-400,T1 (Row 42)
10,PPHHHHHHHHHHHHHHHHPP,-400,T1 (Row 43)
11,PPHHHPHPHPPPPPHPHPPH,-400,T1 (Row 8)
12,HPPPPHHPHHHHHHHPPHPH,-400,T1 (Row 30)
13,HPHHPPHHHHHHHHHHPHHH,-400,T1 (Row 73)
14,PHHPHPHHHHHHHPPPPHPH,-1000,T2 (Row 27)
15,PPHHPHHHHHHHHHHHHHPH,-1000,T2 (Row 41)
