sequence,B2,rg
EQEFSDNELQELSTQGSRYV,22349.0,11.4874
EVHEGAATMDFMEQERERGI,34192.0,11.8283
PGGTRIIYDRKFLMECRNSP,8700.0,11.2502
GTRIIYDRKFLMECRNSPVT,4841.0,11.2809
LEAQEEEEVGFPVTPQVPLR,19556.0,11.417
SHLKSKKGQSTSRHKKLMFK,62330.0,12.5305
MSYQQQQCKQPCQPPPVCPT,-2537.0,11.1883
EGEINTEDDDDEDDDDDDDD,126312.0,14.4525
KLNPPDESGPGCMSCKCVLS,2625.0,11.0248
HHEAELKPLAQSHATKHKIP,851.0,11.3018
LSSGCELPESLQAPSREEAA,26263.0,11.2602
VEGGAHDVIVKDRINDYHPK,3235.0,11.3508
EHLLKAGANITPREGDELAR,7659.0,11.5331
NFGPKGFGYGQGAGALVHAQ,3794.0,10.9582
KAHSRSSSGETPAQPEKTSG,10089.0,11.0014
GLGSVFGRLARILGRVIPKV,27374.0,11.2165
MKLAPYILELLTSVNRTNGT,-3190.0,11.2616
RTSIPNAASEEGDEDDWASN,25765.0,11.3049
SYAEQGKEYITDKADKVAGK,8449.0,11.3376
DMNSLMMGEDKIKFKHITPL,-1510.0,11.2186
DRRIPGTAEENLQKSSGGVP,3145.0,11.1555
EHSNDPFNVYIESDAWQEKD,45070.0,11.9878
MDKVQYLTRSAIRRASTIEM,5609.0,11.5187
ARSYGNGVYCNNKKCWVNRG,26794.0,11.3337
MAQEQTKRGGGGGDDDDIAG,18098.0,10.6586
KKILSMIPGFGGAMPKELSH,11510.0,11.3008
QANVDPIVPNDFKPMKGYGN,-4386.0,11.0112
SGRTGRRNAIHDILVSSASG,7707.0,10.6081
TFPPTEPKKDKKKKTDEAQP,12601.0,11.461
KLPVAQYSAPDGVEKSFAPI,2114.0,11.1313
MSKREETGLATSAGLIRYMD,2499.0,11.5776
MRYTDSRKLTPETDANHKTA,-120.0,11.4021
MPRGFLVKRSKKSTPVSYRV,47426.0,12.1664
EKATSEAYAYADTLKKDNGE,17248.0,11.4333
MPDTTPVAATSSAPPTAKDA,4379.0,11.0514
GSVQIPVVEVDELPEGYDRS,27279.0,11.4596
MNDQRKKARNTPFNMLKRER,38729.0,12.2933
DQVTAQEIFQDNHEDGPTAK,28692.0,11.5181
TDEGFVIPDEGGPQEEQEEY,74289.0,12.7711
NRDLFAELSSALVEAKQHSE,12617.0,11.7402
MAMQAAKRANIRLPPEVNRI,16256.0,11.5748
SKTSKVRPSTGNSASTPQSQ,19238.0,11.2596
EKSPSQNRKAKDATSDNGKD,8213.0,11.2579
DNELDSGSTDNDDSKKISKN,10430.0,10.8752
AAAAANELNNNLPGGAPAAP,6564.0,10.5813
SDKEVDEVDAALSDLEITLE,65070.0,12.5493
YAHQPDFGGFWDATEIPTYG,11813.0,11.2392
GGCCFKCGKKGHFAKNCHEH,17448.0,11.1205
KVDESKKRKDNEGNEVVPKP,9184.0,11.3897
GPRSPSYGRSRSRSRSRSRS,60666.0,11.8324
PSYGRSRSRSRSRSRSRSRS,67295.0,12.2806
ALRAPRKKIHRRVLKKNPLK,80117.0,12.9027
SGGLPGTENSDQARDGTLPY,12276.0,10.9976
MEQFPKETVVESSGPKVLET,14957.0,11.675
FDLDALNLSGPPGASGEQCL,18560.0,11.44
GLENSGNARDGPLDFEESYK,17513.0,11.4496
GMESEEENKKDDEEMDIDTV,72203.0,12.4256
PTPTPTTPTPTPTTPTPTPT,-1556.0,10.886
NIDDSLIGGNASAEGPEGEG,44457.0,11.5763
MELGNKNIKPGRKRVAVDEL,5947.0,11.2651
HGEVCPAGWKPGSETIIPDP,4512.0,11.1636
QDEVLSQVAKQQAQQRENRG,2301.0,11.4017
MATTATMATSGSARKRLLKE,17353.0,11.3924
TSVGIHARSAHSKIQGGRNA,20814.0,11.1388
ARRNLQRGYTAKELNVSFIN,10207.0,11.4321
KGKPDAAKKGVVKAEKSKKK,66126.0,12.4129
SKSACDGLDDLIFWEDLYTS,26785.0,11.3434
GGRSSCEDPGCPRDEERAPR,7181.0,11.136
TIRIRDPNQGGKDITEEIMS,1622.0,11.2953
RNPPKTAKVSEPGLGSPSGL,12273.0,11.1557
PKLGRHYIAMFESSQNVLLK,4502.0,11.2633
KKPQKPIPRPANKFQGMVFD,18751.0,11.4129
QGPALDLICSKNKTAQKAAS,7950.0,10.9353
MDEMATTQISKDELDELKEA,44544.0,12.0762
MGGCVGAQHDSSGSLNENSE,24166.0,11.1676
HFGGYIQKQAQTERKSGKRQ,24970.0,11.7491
LARDMYDKEYYSVHNKTGAK,-273.0,11.2303
MLVEGSELQSGAQQPRTEAP,12322.0,11.3824
STEIYQAGSTPCNGVEGFNC,13142.0,11.227
PVAIHADQLTPTWRVYSTGS,-12642.0,10.8148
GLVFNVVTQDMINKSTKPYR,-1964.0,11.1777
KLSMINTMSKIRGQEKGPGY,18233.0,11.544
MIRSTLSSWREYLTPITHKS,-415.0,11.3987
EEDENDDTEEFNAKGGLAKD,47604.0,11.5281
HRDRDRDRDRERDREREYRH,3275.0,12.2778
IEQENSYNEWLRAKVATSLA,-1418.0,11.0067
HDEVERRMAERFAKMRKERS,1652.0,11.5146
DAGFMKQYGECLGDINARDL,11961.0,11.2035
MDDIDEEDDDLVGVSVRPKV,15420.0,10.5028
MDDIDEGDDDLVGVSVRPKV,11941.0,10.5641
KGAGGHSYGADLKSFDLGDE,14984.0,10.9383
SSTDQTEPNPGESDTSEDSE,63297.0,12.1758
DNQKALEEQMNSINSVNDKL,12665.0,11.5348
MGKTNDWLDFDQLAEEKVRD,17433.0,11.6154
THSSSNTQRLPDRVTGVDTD,1444.0,11.1152
MTESLVLSPAPAKPKRVKASR,11497.0,11.5943
YTCRDNKDCLIDKRQRNRCQY,10815.0,12.2111
VGHHGAVTAAYHMTAAGVPQL,-8957.0,11.1512
QGNDKDYIDLAFSKKKADDRK,-6719.0,11.6189
SQAMDDLMLSPDDIEQWFTED,61901.0,12.5834
SSHLKSKKGQSTSRHKKLMFK,56333.0,12.7299
MECADVPLLTPSSKEMMSQAL,8766.0,11.6821
MAPTKRKGSCPGAAPKKPKEP,40298.0,12.1649
MMKSFFLVVTILALTLPFLGA,-17105.0,11.4259
YGWYRVHFGVLDEQLHRNRGY,-18800.0,11.6698
FSDPLADGPTIQNATLRAFAA,-5453.0,11.2751
MNLEPPKAEIRSATRVMGGPV,1902.0,11.5629
MSGGLLKALRSDSYVELSQYR,-5137.0,11.5714
GNNSQVSQNYPIVQNLQGQMV,-6965.0,11.2356
DEASGIGPEEHFPEVPEIEPM,63719.0,12.5895
TLLYCRLKIQVRKAAITSYEK,21739.0,12.1914
PKHAIIQGHKPECVSFGSTDR,-2650.0,11.6548
RAGEATRKGFYLYDDKRKAKP,22591.0,11.7672
RYRGSKWAGKKSIPAFIDNDY,-5740.0,11.3483
CCQIMGRNESDCLKASQIFYP,-6800.0,11.6065
VDKEHDSAEGSHTSGQSNGRD,17510.0,11.7072
VQAKFGDYNKEVHKSGYLSSE,-3727.0,11.6021
HEANTMAMMARDTAEAAKWGG,1645.0,11.4676
KYGNAVLASGATFCVAVWVYM,-13853.0,11.4615
MTTSGALFPSLVPGSRGASNK,7460.0,11.3238
ADEATDAARNNDGAYYLQTQF,13446.0,11.6239
MNNQRKKARNTPFNMLKRERN,44796.0,12.6146
GDDDEIQFDDIGDDDEDIDDI,111063.0,14.0627
PLPPLRAQQIAFEQALPAHRP,-12492.0,11.4396
MSLLTEVETPIRNEWGCRCND,2340.0,11.8562
GGSGEDEQFLGFGSDEEVRVR,20588.0,11.579
TSKIASPGLTSSTASSMVANK,6023.0,11.4667
GDFSLVEEDGPPMREIILKVV,5143.0,11.5205
NERPRHHHVMPHANMNVHYIP,-17565.0,11.5558
DECAQLRRIGDKVNLRQKLLN,-882.0,11.7761
AQFDASHCDSDKGEFGGFGSV,14083.0,11.4644
MSGRGKGGKGLGKGGAKRHRK,72146.0,13.0132
SKTSKVRPSTGNSASTPQSQC,14817.0,11.4804
PTEEVVEIRGGQRRKSERKFF,-3903.0,11.4114
RGSEIQPPPVNRNLKPDRKAK,25470.0,11.885
RIREFRQTFRKIIRSHVLRQQ,47413.0,12.9537
DAPAQAGTESAVSGVEGLPPG,20582.0,11.3763
QQDAAQRTYGPLLNRMFGKDR,6621.0,11.7214
VGARVQSSAYFSGGQVSRDKE,1732.0,11.4282
INDNELDSGSTDNDDSKKISK,7888.0,11.3881
QEPELLISGMEKPLPLRTDFS,6044.0,11.8657
GKVDESKKRKDNEGNEVVPKP,2158.0,11.5298
LPPCSPPKQGKKENGPPHSHT,-337.0,11.521
KKPLGKMADWFRQTLLKKPKK,60997.0,12.4098
PLQPSILREVSEEHNLLPQPP,1501.0,11.615
GMGRKDEQKQTSATSTPGQGQ,1645.0,11.4902
KSQYIDIMPDFSPSGLLELES,10442.0,11.7077
LIPTVMAFHLTTRNGEPHMIV,-10669.0,11.4668
LYGSAGPPPTGEEDTAEKDEL,30173.0,12.018
PGNALVVDPEKPFRKLNPFGN,-3541.0,11.275
AARAFDQIDNAPEEKARGITI,780.0,11.5054
ARAFDQIDNAPEEKARGITIN,771.0,11.5258
MATTATMATSGSARKRLLKEE,4824.0,11.7422
GQTQEEEVRPKGRQRKLWKDE,-10934.0,11.2957
TEKLEIGWKAWGKSILFAPEL,-5161.0,11.6331
GEEEDAVDETMAPQNAGNTFG,39853.0,11.8198
EGPSEYQTIPLNKIEDFGVHC,17477.0,11.8048
KSKPRYHKRTSSAVWNSPPLQ,29401.0,11.7277
LKAKQKPGGTPNLQQKKSQAR,50069.0,12.4618
GRIRAVGIVGIERKLEEKRKE,15624.0,12.2855
MENFRKVRSEEAPAGCGAEGG,5703.0,11.2927
ANAQQRSNQMNKKKTSGNQDE,1344.0,11.4397
SDTGNRKAADKLIQNLDANHD,1261.0,11.5139
EEGEDNEGIENEEEEEEEEEE,131319.0,15.0639
MKDCSNGCSAECTGEGGSKEV,10040.0,11.7664
YYHKNNKSWMESEFRVYSSAN,-9900.0,11.6786
NRNSSNLPLPLPPKKTRVISH,23920.0,11.9274
ITIAPELADLLSGEPLAKKKE,1044.0,11.5628
KEEDENDDTEEFNAKGGLAKD,38728.0,11.8911
LADAGFMKQYGECLGDINARD,11893.0,11.545
RASEDTTSGSPPKKSSAGPKR,10749.0,11.4732
RGLKPKKAPTARKTTTRRPKP,79757.0,13.3284
QPSSDEEEGERQSPPLEVSDG,50656.0,12.1083
NETNTCTVTGAAKALRAWFNA,-3320.0,11.3827
DKEKASETEENGSDSFMHSMD,41822.0,12.3222
LQTLPPVQLAQKYFQIFSEEK,-13003.0,11.6484
CETARTPRDKLAACLEGNCAE,4702.0,11.5705
MDAQTRRRERRAEKQAQWKAAN,32159.0,12.5077
HEELTRDLEKHCRDMEEASQRK,12893.0,12.4978
HEGAATMDFMEQERERGITITA,27232.0,12.0742
EGGGSEGGGSEGGGSEGGGTKP,27537.0,11.7502
KIWDANGSRDFLDSLGFSTREE,15735.0,12.1502
KKGEPHHELPPGSTKRALPNNT,10328.0,11.8895
DDLMLSPDDIEQWFTEDPGPDE,88869.0,13.3105
SHLKSKKGQSTSRHKKLMFKTE,52099.0,12.8997
TAKDSDDDDDVTVTVDRDRFMD,49357.0,12.6425
KGRRRRGAISAEVYTEEDAASY,-19344.0,10.2086
PLGDDEASTTVSKTETSQVAPA,22312.0,11.7664
LDAEFASLFDTLDSTNKELVNR,19199.0,12.22
ELDTENAAAYSAGTTPMSQSRF,4493.0,11.7922
LKKVTESGEITKSAHPARFSPD,8168.0,11.9687
NDDAKAVQRQNEVENLEMHNEG,36014.0,12.2693
CFQWQRNMRKVRGPPVSCIKRD,37847.0,12.5221
ERDQKLSELDDRADALQAGASQ,26506.0,12.244
MSKKPGGPGKNRAVNMLKRGMP,51221.0,12.716
GIQVRLGEDNINVVEGNEQFIS,18037.0,12.0262
MYSGAGPALAPPAPPPPIQGYA,-2806.0,11.4407
MGKQPAAGQKKTKEAIAKAAQA,38720.0,12.2466
GGNMSGLARRSPRSSDGKLEAL,13241.0,11.4627
SGDEKEEKSAELTAVKQDKNAG,21609.0,12.0487
KPEQKEGDTKDKKDEEEDMSLD,42728.0,12.7456
KDCPNVISSICAGTIITACKNC,6434.0,11.8406
PKPQAESKKKKKEGKKQEKMLD,34565.0,12.7178
GKMLRIGGPLGQIMRQLMFKEG,18266.0,12.0524
PESSENKNLGGVTQESFDLMIK,12580.0,12.1456
TPGCQSPGTGRHSPKSRSPDGH,12021.0,11.5638
PNGDPLLAGQNTVDEVYVSRPS,10154.0,11.7751
MIEHVPMEDKRKGAAALDEARL,7700.0,12.1302
KAKKAASKKVKKTKKKEKSVEG,73958.0,13.4425
DLNRPVTGSLLKRIRNGKKAKS,43127.0,12.4356
KQRAIGSADTDRDAKREFHSKY,13660.0,12.1697
EIGRTAGINGLYRADYGDKSQF,2375.0,11.9404
AEHQTAGRGRHGRGWAATARAQ,17338.0,11.6834
RQNALLEQQVRALEKARSSAQL,16260.0,12.3044
MTENSTSAPAAKPKRAKASKKS,29387.0,11.9307
KNDENDYRPGLKARSEAGARSL,6561.0,11.8725
NQPKSKEIPGSIRDHEEGAGGL,10182.0,11.7049
TTGRRGDLATIHGMNRPFLLLM,3325.0,11.772
MASNFKKANMASSSQRKRMSPK,52907.0,12.6327
ISVPLIPDSVQQYMSSSSRKPS,-5462.0,11.4619
KVDIKDRKVKAKSIVFHRKKNL,65482.0,13.184
KKDAQTKLSNQGDQKGSTYSRH,25241.0,12.3386
VRRDRAPPERGGAGTSQDGTSK,18158.0,11.9507
PGDSDYGGVQIVGQDETDDRPE,57077.0,12.5521
FNALMHRSKESFVMPRIATCDD,-2367.0,11.8474
CPHYEKVSGDYGHPVYIVQEMP,7517.0,11.9382
MKQFGLAAFDELKDGKYNDVNK,6035.0,12.0591
GKVDESKKRKDNEGNEVVPKPQ,12609.0,11.957
LPALPEDGGSGAFPPGHFKDPK,3943.0,11.6156
LDNYRTTFHPAGSSAAHSGHYQ,-460.0,11.651
GDSKKDDEENYLDLFSHKNMKL,4975.0,11.5458
KLRNSDIELRKGETDIGRKNTR,19856.0,12.4391
VEVIGGVDPRLIAVQENDSDES,45560.0,12.2908
ELYSIPEDQEPEDQEPEEPTPA,81388.0,13.5051
MHKTAPPFDFEAIPEEYLDDES,39572.0,12.228
GAARAFDQIDNAPEEKARGITI,9405.0,11.6372
MATTATMATSGSARKRLLKEED,1026.0,11.8496
LHSGKLHREFHHGPDPTDTAPG,1557.0,11.3696
TYKYLQKPMYEVQWKVVEEING,-8580.0,11.8338
ANAAAAKIQASFRGHMARKKIK,50631.0,12.269
MIRSFSCADTEALFTTGKTRRG,5708.0,11.6233
VWIRCTHSENYYSSDPMDQVGD,12235.0,11.6813
SEDSTVSIQIKLENEGSDEDIE,63855.0,12.7969
QQLKNQLEIQTKYNKISGKKID,23839.0,12.4092
SRVIHKISLGQEKSESNSDNLM,8313.0,11.8589
PKIDSHPQQPQPPEPPPVVGGV,2262.0,11.4955
MAYGKSRYNSYRKRSFNRSNKQ,61499.0,12.8323
MGNGKSIAGDQKAVPTQETHVW,5258.0,11.9552
MGKTNDWLDFDQLAEEKVRDAL,20202.0,12.1862
DPQGDAAQKTDTSHHDQDHPTF,31991.0,12.168
SSDLQSTQASSLELTEISRENV,26468.0,12.1568
AAVERSKMIDRNLREDGEKAAR,10014.0,12.0841
APPPSLPSPSRLPGPSDTPILPQ,-15531.0,11.7413
NHKPLEGKYEWQEVEKGSLPEFY,3889.0,12.7823
GGNVPNKGSKTKGKGKRKLVDDE,-1199.0,11.9874
GQLGGEEWTRHGSFVNKPTRGWL,-15169.0,11.8418
SPSYVAVTPFSLRGDNDGGGGSF,-384.0,11.739
ALDAEFASLFDTLDSTNKELVNR,9500.0,12.4724
RGYEWDAGDVGAAPPGAAPAPGI,4898.0,12.0379
MQMSPALTCLVLGLALVFGEGSA,-7315.0,11.9778
RRVEESVVNQGWITLQEAGINLD,1596.0,12.5444
MFEQRVNSDVLTVSTVNSQDQVT,4368.0,12.5223
MVTPREPKKRTTRKKKDPNAPKR,64353.0,13.7732
MSGTEEAILGGRDSHPAAGGGSV,8047.0,11.853
EDFVRYCFSEMAPVCAVVGGILA,13.0,12.0193
SATAATVPPAAPAGEGGPPAPPP,-1053.0,11.7089
MQIITTALVCLLLAGMWPEDVDS,2268.0,12.2281
SVAEEEDSDDDVEPIAEFRFVPS,50273.0,12.9527
DNNENGCELDKEIKNSFNPEAQV,29781.0,12.821
ETQEKNPLPSKETIEQEKQAGES,26266.0,12.7912
YVVENHLAIEQPNTHLPETKPSP,6184.0,12.4063
TKKLGSIGSDLGASIKGFKKAMS,24612.0,12.3091
MITKVDRNAVRKKRHARIRKKIF,75119.0,14.048
GTPRGSGSEDSFVKRERATEDFF,1755.0,12.2114
DEWELSKENVQPLRQGRIMSTLQ,-7728.0,12.2509
PARRREREKASAAKSSLIHQGIR,36003.0,13.0703
GNLLVSLLGTWSDTSSGGPARAY,-14273.0,11.7731
DFTPMDSSAVYVLSSMARQRRAS,-19987.0,11.6392
IPEFEIPTEMSLELLLAADYLSI,35209.0,13.0045
MTNETIDQTRTPDQTQSQTAFDP,14592.0,12.5667
GLVPPAALGLVSSRTSGAVPPKE,-4125.0,11.9683
FGSAIVEFDKIDSAPEEKARGIT,10825.0,12.4302
SEFCSKMNQVCGTRQCPIPKKPI,13962.0,12.2836
MSYKAKTVVSARRDQKKGRVGLT,49505.0,13.073
KGEARRAATSVKDANFVEEVEEE,-2365.0,11.8196
ALLEHDTLPADPSPRKVPAGASG,-9716.0,11.3654
PEGGKSGKAPRRRAASMDSSSKL,22191.0,12.0674
EKEIPIEGLEFMGHGKEKPENSS,22021.0,12.6301
KEVGKSFERHKLKRQDADAWTLY,-2936.0,12.3721
IATYEEQLVALFGTNMDIVEPTA,27479.0,12.4747
PEELTGQTNIHLSKNFFLTTRAR,-13533.0,12.1072
NNSNNNGLKEGDKSISTPVPQPY,-2505.0,12.3636
SETSNGQKGNVEESDLYGIDHDL,39789.0,12.6674
MSDSEVNQEAKPEVKPEVKPETH,23645.0,12.882
SEREALQQQHSVQVDQLRMQGQS,527.0,12.4285
PGVRAPTEPSAGGEVKTPEQLTP,1949.0,12.119
MTTAHRPQFDPARGHSEMAPTRI,-8989.0,12.2163
QEDEDGDYEELVLALRSEEDGLA,77180.0,13.5826
GLSAQRIRDAEEGIQLVQQEKKQ,-2468.0,12.4372
MSHKKSFFDKKRSERISNCQDTS,7245.0,12.4539
KEENRQILARQKSNSQSDSHDEE,1576.0,12.2056
MKAFSPVRSVRKNSLSDHSLGIS,6968.0,12.0192
SKVKQIGGGIQSITYTHNGDISR,3542.0,12.1696
TPYGTASEPSEKAKILQERGSRM,2905.0,12.3714
SLLPKYPGLHTHRQALENGDEEH,-8768.0,11.9463
HAPATVCGPKKSTNLVKNKCVNF,21864.0,12.6231
SAPTSALFSASPMAQPRTTISDA,-10896.0,11.7444
KLGQSVTTIPTVGFNVETVTYKN,-3093.0,12.2039
ELAPPKPPLPEGEVPPPRPPPPE,7873.0,12.1214
VEEANEGENNSLLHPMSLHGMED,48430.0,12.9913
RLPFKQTLLSDEDAELVEIVKER,-7839.0,12.4232
DYIDIVDSLSVSPTDSDVSAGNI,36054.0,12.6228
DETQCYGTWVPIGLAIPENEGGGS,28255.0,12.5164
GNVPNKGSKTKGKGKRKLVDDEDY,-14399.0,11.6127
MDRTTTRLYAGLKKRLAMASANKA,33869.0,13.1278
ISSALNVNAKVLENSLGVDFNAVA,2987.0,12.2937
KDVQAAFKALIKNTDIKNSQQYKD,9851.0,12.9791
NVIFEDEEKSKMLARLLKSSHPED,-211.0,12.4794
VNGDATAGSIPGSTSALLDLSGLD,19344.0,12.3716
MCNTNMSVPTDGAVTTSQIPASEQ,10766.0,12.5797
INFRPEDRIKRGLMMLKRAKGVWI,30428.0,13.3133
IESEIRRERERQTNPSAMEVEEDD,34860.0,13.1614
LCPKKLLLPSSKTVSSGTKEHCYN,14023.0,12.9602
QQGIKSQHQTKEEQSQITSQVTGQ,5108.0,12.5926
HGDNNSKPKPGGNSGNRGNNGDGA,6844.0,12.0637
MSKKPGGPGKNRAVNMLKRGMPRG,64876.0,13.4813
GDTLGASWHRPDKCCLGYQKRPLP,968.0,12.2556
MSREGFQIPTNLDAAAAGTSQART,-533.0,12.4609
RPSAAPTAPPTGAADSIRPPPYSP,-4011.0,12.18
MGSMKKILSMIPGFGGAMPKELSH,4409.0,12.5738
GPARLLPNAIGRGKWWRPSGPDFR,19413.0,12.4156
EEDAQRSSTEQSGEAQGEAAKSES,49317.0,13.1579
DYDEYEEDGTTPTPDPTAPTAKPR,10550.0,12.1491
LQQERTKLRPVAMVRPTVRVQPQS,23482.0,13.1674
MDTGSPAELSPTTLSPVNHSLDLQ,23757.0,12.677
EGEDPSSPERETAAGSDIRSRGPV,14298.0,12.395
MASVHESLYFNPMMTNGVVHANVF,-9959.0,12.3326
AAQTSLKKDAQTKLSNQGDQKGST,16334.0,12.5106
DSAFYTWLYRIAVNTAKNYLVAQG,-17781.0,12.1172
GNSPLHRFKKPGSKNFQNIFPPSA,21953.0,12.5613
KSHHRAHYETEGSRGAVKASAGGH,10534.0,12.3586
MADFDNLFDAAIARADETIRGYMG,16791.0,12.5122
EETAVSPRKSPRPAGPQLFLPDPD,-6691.0,12.1063
MKLSLVAAMLLLLSAARAEEEDKK,4146.0,12.824
NDGKDKPEKPLTKNTEKLGQDQDP,8930.0,12.9078
SGRGKGGKGLGKGGAKRHRKVLRD,71093.0,13.8797
DSHAKRHHGYKRKFHEKHHSHRGY,29118.0,13.0869
GTSERLDVQLDDDGDFHLLNDPGV,48937.0,13.0174
MEHQLLCCEVETIRRAYPDANLLN,6207.0,12.7614
MAPRGFSCLLLLTSEIDLPVKRRA,-1997.0,12.432
DSSSGSPTNLDKIAAQGRKRKKRT,16395.0,12.1927
LHGQLQRHQQQFLASPGSSTIDNK,-1602.0,12.4904
RVGDKEKASETEENGSDSFMHSMD,28641.0,13.1004
MAETKVAPNLTGIEQTKAGQSFTE,8890.0,12.7708
MGSKGDNVAVCNMKLERLLSMKGG,10626.0,12.4616
ADAGFIKQYGDCLGDIAARDLICA,10237.0,12.2115
QPPLSRRPQEELEPGIHKSPGEGS,5288.0,12.272
GSVPTGMKIMEMSAKGIKPVTLEL,4960.0,12.3724
GWKPGSDTIKPDVNKSKEYFSKQK,17310.0,12.8738
MERGDQPKRTRNENIFNCLYKNPE,2069.0,12.8966
YEEKNKEHKRPTGPPAKKAISELP,10929.0,12.9093
KQPDMETDSSKSPDKAGLGKVKMK,7693.0,12.3444
IPDKGLVEKIVKFCKSVIPRKGTK,39352.0,13.078
AVLPQEEEGSGGGQLVTEVTKKED,36215.0,13.017
HKIGEVHEGAATMDFMEQERERGIT,15365.0,13.3905
QPETTDLYCYEQLNDSSEEEDEIDG,86579.0,14.7387
VPTPKRPRGRPKGSKNKGAAKTRKT,89990.0,14.8564
MPVAGSELPRRPLPPAAQERDAEPR,1529.0,12.9459
DSQKRREILSRRPSYRKILNDLSSD,-1851.0,13.1338
AARKEVIRNKIRAIGKMARVFSVLR,63162.0,14.1688
PEEKKEEEGSANRRPEDQELESLSA,39135.0,13.4206
QQCQQKCPPVTPSPPCQPKCPPKSK,20474.0,13.1227
KRFILVLNEKKTKIRSLHNKLLNAA,43943.0,13.8542
GQLGGEEWTRHGSFVNKPTRGWLHP,-11203.0,12.3983
KADMNTFPNFTFEDPKFEVVEKPQS,2435.0,13.1031
NLSSDSSLSSPSALNSPGIEGLSRR,-5695.0,12.6522
MKVLILACLVALALARELEELNVPG,-7389.0,12.7506
DGLVGMAIVGGMALGVAGLAGLIGL,-72.0,12.5299
LKNPLRSVDIETKEEMKAGKERTDI,3788.0,13.3795
LSTRSKDQNETLDEDLFHKLTGGQD,11671.0,12.904
LADQARDYMGAAKSKLNDAVEYVSG,-2828.0,12.6533
LSESTAESHLMEKELDELRISRKRK,-19730.0,12.3998
HPESSQLFAKLLQKMTDLRQIVTEH,-6176.0,13.0924
VLLGTLAASTPGCDTSNQAKAQRPD,-3641.0,12.572
MADRVLRGSRLGAVSYETDRNHDLA,-5932.0,12.6794
MGNKQAKAPESKDSPRASLIPDATH,3486.0,12.8529
STTMNTISGNAADADAAAVANTSLN,978.0,12.719
LTKPKPQAESKKKKKEGKKQEKMLD,42065.0,14.0666
VPCVEDEDFIQALDKMMLENLQQRS,14506.0,13.2317
LQELSSKTSTDADPATPTSHEDSPV,27099.0,13.1601
EKVEAVLSRSNQGVARVDSGGYEPE,16196.0,13.0656
EGGKSGKSPRRRAASMDNNSKFAKS,35344.0,12.9239
TGKISPWTGRFYSLLDPSYAKNNIP,-7944.0,12.532
MAASTSMVPVAVTAAVAPVLSINSD,-6857.0,12.6858
GATAFPADSDRHCNGFPAGAEVTNR,-2716.0,12.4904
MAAEDRQPADIVEGATAGDVEEEVA,61301.0,13.8952
TEFSRSGSGTPTKSRSVSGVLNGGK,15080.0,12.828
DSIDSFETQRTPRKSNLDEEVNVIP,5228.0,12.6308
PINGSPRTPRRGQNRSARIAKQLEN,30331.0,13.2407
LKTEAESYEGLLAPSLIPKNWPDQG,2891.0,12.8868
MATGANATPLDFPSKKRKRSRWNQD,7071.0,12.5458
SNDRSGRHKKPRIDVSSDLLKTDEI,-10496.0,12.4595
LGRYYETGSIRPGVIGGSKPKVATP,9388.0,12.8428
MVLGGRKFKKFNKVRVVRALDAVAL,33160.0,13.2973
GNASSGALGTTGGATDAAQGGPPGS,4270.0,12.2367
MGCSASKDTTNSKDGAASKGGKDGK,13439.0,12.9401
INQGEDSVPAKKFKAAPAEISDGED,8694.0,12.4857
GNPHSSGSSGNAIGGNGVGATARSY,-329.0,12.551
EPKMHKTAPPFDFEAIPEEYLDDES,30221.0,13.0275
MGGKWSKSSVIGWPAVRERMRRAEP,21339.0,13.2026
AMVSEFLKQAWFIENEEQEYVQTVK,5169.0,13.1719
EAEKQLQQAQAAGAEQEVEKFTKRL,-544.0,13.2506
PAEEGCDLQEIHPVDLESAESSSEP,74831.0,14.1363
ACRGRNDLKRPMQAPPGHDQDSLKK,7192.0,12.8298
GLVLPHTEFQPAPKQDSSPHLTSQR,-8153.0,12.7292
KTIRIRDPNQGGKDITEEIMSGART,-1594.0,12.7963
STKKLSECLKRIGDELDSNMELQRM,-7406.0,12.7993
HKTSKGDMNSSANWAQMSSISTTSK,8250.0,12.7646
MHRRGVGAGAIAKKKLAEAKYKERG,49007.0,14.0521
LVDSSVTFKTTSRNLARAMCMKNIK,16060.0,13.0736
GAEDAQDDLVPSIQDDGCESGACKI,44420.0,13.1434
EPPTQKPKKIVNAKKDVVNTKMFEE,-12.0,13.306
KSEGGKRKADSDSEDKGEESKPKKK,834.0,12.6966
GAITSSNTAATNADCAWLEAQEEEE,42473.0,13.1845
EKVEEANEGENNSLLHPMSLHGMED,52525.0,13.719
ECTLQENPFFSQPGAPILQCMGCCF,-185.0,12.7976
TRNNMIQTKPTGTQQSTNTAVTLTG,2718.0,12.7823
TQVDSSSTDQTEPNPGESDTSEDSE,72135.0,14.2366
PGGFPGGGAPPSGGASSGPTIEEVD,18090.0,12.508
VSDAEQNDEEQSEEHQDKKDDKKTV,38438.0,13.5318
GQDQVTVAMTPRSEGSSVNLSPPLE,5171.0,12.7849
SNPLIRKAMGMDTEGGGKDEKMSGL,-2873.0,12.8294
MRLRKYNKSLGWLSLFAGTVLLSGCN,11717.0,13.0086
STQAATASSRNSCAADDKATEPLPKD,11274.0,13.0084
CYLRLQRISQSEDEESIVGDGETKEP,11854.0,13.2161
WAAEEKRIPSSGDLSESDDWSEEPKQ,38088.0,13.7052
QDGKTTFEKEGGGGRGPRILENMHES,10919.0,13.4562
GNTSGVLSTPKAKRAKHPPGTEKPRS,32736.0,13.3952
MSRRRHSDENDGGQPHKRRKTSDANE,-3572.0,12.7227
NGGCCGGNGNNPNCCMNQKKDHTVTL,2632.0,12.8015
KTKVAKVSQGVEDGPDTKRAKLDSSE,826.0,12.933
KVAKVSQGVEDGPDTKRAKLDSSETT,5268.0,12.9869
HLLSFKKELGTLTSAINRRSTKQKKR,54294.0,14.3702
TSVSTSTHNGFEGTIQRTHRPSYEDR,137.0,12.9774
FNASTRDHLIIQDFSNPFQSEETEDN,31176.0,13.5874
MADRVLRGSRLGAVSYETDRNHDLAP,-6097.0,12.9208
NKTSAASPPVVPSAEQPRPIVEEELS,8801.0,13.0017
NDGLAGKVSTKSVGEILDEELSGDRA,13930.0,13.0022
MNNQRKKARNTPFNMLKRERNRVSTV,57861.0,14.3723
ENMGSMKKILSMIPGFGGAMPKELSH,-1610.0,13.1051
AENQEGMAEVARFIEMNGSFADENRD,43521.0,13.8942
SVEKEDFVRAITILNNNGFPKKKFAD,3267.0,13.0599
KAAVSHWQQQSYLDSGIHSGATTTAP,-10975.0,12.5214
TPEIIQKLQDKATVLTTERKKRGKTV,21116.0,13.555
SNLKNTSKIASPGLTSSTASSMVANK,20131.0,13.1703
MEGISIYTSDNYTEEMGSGDYDSMKE,50542.0,13.9955
PPKTSGKAAKKAGKAQKNITKTDKKK,86722.0,14.9704
MHQQHSKSENKPQQQRKKFEGPKREA,29537.0,13.9622
KEFSIIEHTRERKHANDQTVIFSDEN,12245.0,13.6033
TTHSKRELDSGDDQPQSSEAKRTKFS,-7663.0,13.0362
QQGQWASMTGGRGGEKHPFVGEGRYD,-2301.0,13.1847
MVDYSVWDHIEVSDDEDETHPNIDTA,79312.0,14.7948
MASVHESLYFNPMMTNGVVHANVFGI,-8420.0,12.8424
KMDTKKKEEQLKLLKEKYGINTDPPK,23688.0,13.9193
LAKVDKSGMKSIDAFFGAKNKKTGKI,38876.0,13.5471
CRPGPGLGPDNQTEERRASLPGRDDN,5772.0,13.0833
LKEGVRLDRVRGGRQKYKRRLDSESS,29382.0,13.7904
ALLIWKLLITIHDRKEFAKFEEERAR,1784.0,13.6288
AKWDTANNPLYKEATSTFTNITYRGT,-7098.0,13.1243
VKESLSSYWESAKTAAQNLYEKTYLP,-4254.0,13.2091
QFNFDGDEDFLEGIEDLDEEELQSKF,79966.0,15.3545
EPVSENATAADSSEKLAEHGAKKQKI,-90.0,13.1004
LHKRQQFSESTHNDIDSTAVALEEGL,4696.0,12.949
EKHDVPNRHEISPGHDGTWNDNQLQE,30500.0,13.6528
VSHNLMITVDDDGTMRIKDDETENIL,40592.0,13.6964
MTENKGIMLAKSVQKHAGRAKEKILQ,32493.0,13.8295
LDFGLARTAGTSFMMTPYVVTRYYRA,-11082.0,13.0116
YVPQEEVPLYESKGKQFVAQRQAGVP,-5670.0,12.875
KTIRIRDPNQGGKDITEEIMSGARTA,-1751.0,12.9777
DPAWRKRDQKRIAAQKQEQFKVDREG,15780.0,13.8476
KIWNDHFRCQPAPPIDEDLPEERPDD,20181.0,13.4286
KHPRITSFVIPEPSPTSQTIQEGSRE,1458.0,13.1443
EKKSSARSTQGTTGIREDPDVCLKAP,8009.0,13.0149
LADAGFIKQYGDCLGDIAARDLICAQ,6881.0,12.9173
MFVFLVLLPLVSSQCVNLTTRTQLPP,-19683.0,13.0409
MSVAGLKKQFHKATQKVSEKVGGAEG,18556.0,13.2377
HRKQPCPYGKKCTYGIKCRFFHPERP,46226.0,13.953
RAEVTSNNEVVVKEEYKDEYADIPEH,44306.0,14.155
SAQGRSSHLAHGADTDWLMSGNRTQS,-7905.0,12.4901
AAMQRKLEKMADQAMTQMYKQARSED,2082.0,13.4015
KSLNVAKSEFDRDAAMQRKLEKMADQ,8817.0,13.5813
RFYTEQEAKDLMAANPGKILREDAGR,2155.0,13.6732
MPINRPNLNLNIPPLNIVAAYDGAEI,-14149.0,12.9124
ESTGTTFNGIMQSYVPRIVPDEPDND,25522.0,13.2093
AGGAPPGAAPGGAAGGAGGPTIEEVD,20192.0,12.5694
NALRAFIKICPRNGLLYNAIYRNSKN,34591.0,13.7115
NPSSCGAEKQKGAKSSADCTSLVPQCA,7073.0,13.1871
MPVAGSELPRRPLPPAAQERDAEPRPP,1169.0,13.2836
MLCEDQHMSVENTPQKGSGSLNSSASS,10021.0,13.2663
MATVNQLVRKPRARKVAKSNVPALEAC,27310.0,13.7426
AGPAYESYLNKPGVDRVITTVDGLHMQ,-2614.0,13.2541
SDQDQDYDYLNEWGNRFKKLADMYGGG,-1001.0,12.4753
STPHAFTFNTSSPSSEGSLSQRQRSTS,-4246.0,13.1178
CVDRMGKSLPGSPDGNGSSSCPTGSSG,6658.0,12.8822
MTHHDCAHCSSDACATEMLNLAEANSI,34632.0,13.8639
DVKDCLSPEIPFGECCPICPTDLATAS,31042.0,13.5696
MTETDKKQEQENHAECEDKPKPCCVCK,12747.0,13.7812
IVKSDPKLPDDTTFPLPPPRPKNVIFE,-5585.0,13.2472
QGVGGPGHKARVLAEAMSQVTNPATIM,2400.0,13.1488
NLSVYNVQATNIPPKETLVYTKQTQTT,-6455.0,13.6535
TNPNGLGTSHINTNVGDNNSTASSSNI,6025.0,13.043
MLDLPGNKDKKASSKKSPAKVQSKDRD,27184.0,14.1134
GKLTKPKPQAESKKKKKEGKKQEKMLD,54683.0,14.6854
MPKNKGKGGKNRRRGKNENESEKRELV,40774.0,13.7337
MDRKLDEFIGDATPKKVSKEKPVRRKK,20252.0,13.3979
AENQEGMAEVARFIEMNGSFADENRDW,45898.0,14.2315
MGNNTDDSARNPFGFYTPPRVKEIGEP,-2615.0,13.1406
GKPKTAQLSLQDYLNQQANNQFNKVPE,1001.0,13.308
MSGRGKQGGKARAKAKTRSSRAGLQFP,65746.0,14.674
KTIDASVSKKAADSTSQCGKATGSDSS,9309.0,13.3059
RAELPPEFAAQLRKIGDKVYCTWSAPD,-7047.0,13.3516
YGPSLRLLAPPGAVKGTGQEHQGQGCH,-1874.0,13.2981
AGATAFPADSDRHCNGFPAGAEVTNRP,3245.0,12.9208
DLGIPPNPEDRSPSPEPIYNSEGKRLN,6497.0,13.3309
DGKLLKASCKIGPLPGTKKSKKNLRRL,67482.0,15.0605
NFKYTNASKNPNKGVGATNGVSHLEAG,5781.0,13.2555
QPLSPILPELPLEAWPATDKTKREEVD,16683.0,13.7482
MPHNSIRSGHGGLNQLGGAFVNGRPLP,1849.0,13.1289
MSGQTDVDHPLCEECTDTLLDQLDTQL,64249.0,14.6353
ETVSTQELYSIPEDQEPEDQEPEEPTP,93254.0,15.53
STALPQVLAQPSTSRKRPREGEAEGAE,-715.0,12.992
RAKWDTANNPLYKEATSTFTNITYRGT,3952.0,13.5741
PWRKGQEMNATGGDDPRNAAGGCEREP,1498.0,13.4517
GPPGLKGDKGIPGDKGAKGESGLPDVA,6182.0,13.1736
GSARGQRGAEAEQGVQGSPASGAGGCR,7305.0,12.9732
REMKTYIPPKGETKKKFKDPNAPKRPP,51795.0,14.6362
SKRIPYAPSGEIPKFSLQDPPNKKPKV,18852.0,13.5965
FTSCLPGSDTWSVVGSEVIHDREEQVA,26289.0,13.7603
RLRSVSDKNSSALLETGSLLHSPFDEE,-806.0,13.3426
APEGEPGAPQALGDAPSTSVSLTTAVQ,21356.0,13.3145
VPVEPEKVEEANEGENNSLLHPMSLHG,38362.0,14.0567
EKVEEANEGENNSLLHPMSLHGMEDAE,66968.0,14.5295
GAITSSNTAATNADCAWLEAQEEEEVG,47892.0,13.6591
NKTEGEEDAQRSSTEQSGEAQGEAAKSE,45187.0,14.5477
HKIGEVHEGAATMDFMEQERERGITITA,17542.0,14.1537
DEVVDIMRVNVDKVLERDQKLSELDDRA,28810.0,14.5811
EQVSHGTQNRPLLRNSLDDLVGPPSNLE,1139.0,13.5924
KLKKTETQEKNPLPSKETIEQEKQAGES,6716.0,14.1362
REKRGLALDGKLKHEDTNLASSTLLREG,-380.0,14.104
AGKESWYLSWALDSTSEEREKGKTVEVG,7945.0,13.7635
AAPMMQQPAQSNAAAPATVPSMEAPAAA,-2945.0,13.1536
TAAPAAAGGKKQQQSKKGAAADKEEVQA,11196.0,13.359
MGEPRSQPPVERPPTAETFLPLSRVRTI,-8985.0,13.8606
YAAIEASLSETFNTAADPGRRLGEGSKP,-1279.0,13.4531
RINDGLAGKVSTKSVGEILDEELSGDRA,819.0,13.5303
EPKEIIPLFAIKQRKPEFIKKTFDYEVD,-21866.0,13.8956
MSAIQNLHSFDPFADASKGDDLLPAGTE,20600.0,13.8819
RLHNENAEMDSDSSSSGTETDLHGSLRV,21090.0,14.4063
GAQVTRQQTGTHENANIATNGSHITYNQ,-8673.0,13.6012
AGGGTSSNYHHGSSAQNTSAQQDSEETE,22967.0,13.3816
GNPVCVRPTPKWQKGIGEFFRLSPKDSE,-3186.0,13.6097
RMKKKDEGSYDLGKKPIYKKAPTNEFYA,11974.0,14.0911
PSLLTQSKVVVNTDPVSRYTQQLRHHLG,-10967.0,13.8341
EEPINKRLFEKYLKDESGFKDPSSDWEM,9650.0,14.3097
RSPANARRLMDSIDSLKSGKGTEKDIIE,1293.0,13.9534
REFRQTFRKIIRSHVLRQQEPFKAAGTS,31196.0,14.3254
GTNSGAGKKRFEVKKWNAVALWAWDIVV,-8331.0,13.2783
HSKYRKKHKSEFQLLVDQARKGYKKIAG,54550.0,14.4309
VKQWMKVQAAKKNGKGNVCHRKKHHGKR,92050.0,16.1434
GHWDIFSSWNISLPTVPKPPPKPPSPPA,-31583.0,13.0316
WDIFSSWNISLPTVPKPPPKPPSPPAPG,-24929.0,13.0687
AGTSGSSLSFHSTVINHYRMRGHSPFAN,-7909.0,13.0768
SRPKQLPDKWQHDLFDSGFGGGAGVETG,-12025.0,13.1438
EEEEEEEEEDEDEDEDEDEAGSELGEGE,157452.0,19.1122
RKVHHMHMRKKGINTLINIMSRLGQDDP,-511.0,13.6512
KFCGLCVCPCNKLKSSDAYKKAWGNNQD,7053.0,13.8984
MAENREPRGAVEAELDPVEYTLRKRLPS,-17234.0,13.5446
SSGNIAEHSPSVSPSSVENSGVSQSPLL,2510.0,13.5244
MEKSVDGQTHSTVNNTTDSLNTMNIKEE,20140.0,14.2955
HLVKSHMIHNRSKINLQDLQGACTKKTA,17602.0,13.8429
TEGAIDDSLIGGNASAEGPEGEGTESTV,66888.0,14.6734
REEWQAKVAGNETSEAENDAAETEEAEE,74588.0,15.4632
VQTRGIKHRIKWNRKALPSTAQITEAQV,23001.0,13.8754
DYQPLPGMSENPSVYVPGVVSTVVPDSA,6240.0,13.5655
SDEDAELVEIVKERLRNPKPVRVTLDEL,-12967.0,13.3107
TSDKLASRSKLPDGPTGSSEEEEEFLEI,15676.0,13.4076
SSIAATQPTSQALLPHQEPHSHLEQAMP,-5086.0,13.3866
EPDKVEEANKGENTSLLHPVSLHGMDDPE,53292.0,14.9805
MNSKINKQLDKLPENLRLNGRTPSGKLRS,38582.0,14.6503
TASESSQDPQDSRRSAEPLLSCKPWQESR,3827.0,14.0334
QANEELCPKKLLLPSSKTVSSGTKEHCYN,-5075.0,14.1768
KTFITQQGIKSQHQTKEEQSQITSQVTGQ,-2788.0,14.0546
MPREFKSFGSTEKSLLSKGHGEPSYSEIY,-2486.0,14.2271
LSRSSSGYFSFDTDRSPAPMSCDKSTQTP,-6614.0,13.6201
MPGLVDSNPAPPESQEKKPLKPCCACPET,-1497.0,13.7818
IDYLDASLRKKNKQRLKAIQQGRQPQYLL,11830.0,14.301
MGNKQAKAPESKDSPRASLIPDATHLGPQ,4157.0,13.9791
LPTKLRPSAAPTAPPTGAADSIRPPPYSP,204.0,13.657
RGAGMGYGGCGGYGGGYHRGGGHMGMGNW,-2514.0,13.4484
MGAALRSAYQKTIEEQVPDEMLDLLNKLA,-8445.0,13.6728
PCGKLTKPKPQAESKKKKKEGKKQEKMLD,53341.0,15.2631
MLPIQENQAPAPNITGALETGIELIKHLV,2587.0,14.1992
DAGLEASVTACITFCAYDGVEPSCTLCYT,19295.0,13.8877
PGEVEEATEGENNCLLHPICQHGMDDDHR,55691.0,14.9684
MPGPELSGWISEQLMTGRIPVSDIFCDIE,20507.0,14.1574
RKLELTKAEKHVHNFMMDTQLTKRVKNAA,21565.0,14.4431
ADVEEWLTHARKVTQEASIGVDVTSIQEC,19073.0,14.2349
RKEPVFTLAELVNDITPENLHENIDWGEP,27785.0,14.7411
PAASAGRIERRRARAAVAGRDATGRFTAG,34415.0,14.1185
NLGIPLGQDAEEKIFTTGDVNKDGKLDFE,32108.0,14.5984
QGFPKITDDDHPMDAEMNLHQYNEAVDLP,44874.0,14.7626
GDPNLEFVAMPALAPPEVVMDPALAAQYE,38986.0,14.4234
PEKKEGEEEEENTEEPPQGEEEESMETQE,116748.0,17.3386
VNSENICPACTFANHPQIGNCEICGHRLP,-9513.0,13.7347
FTTATEFHQRRSEIIQITTGSKELDKLLQ,-7144.0,14.3964
EEFDPSLLEEHADAPTARDPGRNPEFLRN,23200.0,14.4503
SNQIGDDPNSTDSRGKKGQTYKGGSAKGD,-6267.0,13.2134
QIGDDPNSTDSRGKKGQTYKGGSAKGDAK,2362.0,13.4929
CHRKKHHGKRNSNRAHQGKHETYGHKTPY,51306.0,14.9429
NLERKAQKKKKSEDGSKNSRQPAEAGVVE,10598.0,13.9838
RKILADMAVRDPQAFEQVVNKVKEALQVQ,-3586.0,14.4151
SVGLSALFGKGEESDGDLDLDDSEDFTVN,56175.0,14.8105
KGVIHLEVGSYFVPYSPPKKEDGDETTSP,5023.0,13.8364
MATVEPETTPTPNPPTTEEEKTESNQEVA,51240.0,14.9731
ELVSTDSRPVNHSFCSGKGTSIKSETSTA,5.0,13.8095
AGIDPDLDAQVEFGAFQKLGDPTTKRQAV,-10452.0,13.3362
MHSALDMTRYWRQLDDEVAQTPMPSEYQN,3130.0,14.0283
NTEDDDEDDDDDDNSDEEDNDDSDDDDDE,160591.0,19.6867
EPDKVEEANKGENTSLLHPVSLHGMDDPER,39664.0,15.1491
MNSKINKQLDKLPENLRLNGRTPSGKLRSF,31810.0,14.959
MTENSTSAPAAKPKRAKASKKSTDHPKYSD,14415.0,14.307
DVDRIVGLDQMAKMTESSLPSASKTKKGMF,-6616.0,14.0523
MSETAPAAPAAPAPAEKTPIKKKARKAAGG,13988.0,13.6326
QKSQKKPELDNEKPAAVVAPLTTGYTVKIS,937.0,14.4514
VSPKISTPPVLKLAAEQAPTGRVEREKTTR,15213.0,14.8221
FNYNPSPRKSSADSTSARPSQIPTPVNNNT,-3530.0,14.141
DEGTGTLRKDKTLLRDEKKMEKLKQKLHTD,6764.0,15.0369
TAMKHLLSFKKELGTLTSAINRRSTKQKKR,60594.0,15.6171
VQPEDNKGVFQGVHDSAEKGKDNAEGQGES,31667.0,14.7875
QLEKFQSRLSPEEPAPETPEAPEAPGGSAV,26111.0,14.4434
MDFTAKIKELERELSETSDYKTLQKKTISL,-4946.0,14.5311
RGEMSQRELKNELGAGIATITRGSNSLKAA,9152.0,14.383
EDYAAIEASLSETFNTAADPGRRLGEGSKP,12681.0,14.0977
PLENNEESEKEFDDTGLTLGDVVNIKEGKK,21545.0,14.7963
MDLEKNYPTPRTSRTGHGGVNQLGGVFVNG,-5274.0,13.9979
GSGPSNFVNHAPGEAIVTGLEKGADKVAGT,5565.0,13.971
DDNGNYGNGMASVRTQGNTYDDLASLISYL,-853.0,13.9853
ADDDEDASSGLCNQYNQNVTTRPNNKPKMF,-50965.0,12.9225
KKISPPTPKPRPPRPLPVAPGSSKTEADVE,190.0,13.8302
MDTSTTASVASANASTSTSMAYDLGSMSKD,8886.0,14.2183
KEEEEDEEDEEDEEEEEDEEDEDEEEDDDD,171122.0,21.5089
MEKTENTDETRLRGTKNKLGRKPKADANKK,22522.0,14.3163
MSGRGKGGKVKGKAKSRSNRAGLQFPVGRI,79302.0,15.7966
EEEDQNVVPETTSEGYTFQVQDGAPGTFNF,53875.0,15.216
SQGDSEYYDYGHGEVQDSYEAYGQDDWNGT,71910.0,15.5746
ENKDNIRLQDCSALCEEEEDEDEGEAADME,96507.0,16.5611
AEDGQSASRHPEPVPEEGSEDELPPQVHKV,41806.0,14.7228
MDTETWAAAARPSRDALINRITHQIRQSLE,-11670.0,14.337
KERDRAREEHTSAVNKMFSRHNEGDDQQGS,3628.0,14.4367
TGIRGSGSTPDPDPTPTPTDPTTPPTHTGS,3157.0,13.6724
EWTGKWNDNCPSWNTVDPEVRANLTERQED,21304.0,14.797
ERPAQNEKRKEKNIKRGGNRFEPYANPTKR,48062.0,15.4631
EKLTEETDDLLDEIDDVLEENAEDFVRAYV,89101.0,16.8195
MNLTELKNTPVSELITLGENMGLENLARMR,-7410.0,14.6713
HPPPRPPSPTEIAGQKLSESPASLPSCPPV,-11556.0,14.0073
RHKTVIRACRGRNDLKRPMQAPPGHDQDSL,428.0,14.0071
VTELEEDADELWNKLEGKVAASKASKKSKI,-64804.0,12.2602
KVSSKRIPYAPSGEIPKFSLQDPPNKKPKV,26722.0,14.5513
SGHTHPVATFQPSRPESVNDLFLCPQKELT,-12434.0,14.0187
AGHQVVHVRGDSETDLEALFNAVMNPKTAN,-2194.0,13.9434
KDVVMTDSEDSTVSIQIKLENEGSDEDIET,70129.0,15.6643
SGIVQIQVSGVWKKPLCVGYERVVVKRELS,5213.0,14.3717
QEDEDGDYEELVLALRSEEDGLAEAPEHGT,98534.0,16.2875
MSKESVRNDRNKKKKEPSKQECTESYEMTA,763.0,14.4374
LQTTEKNDTVAGQGERDHLITKRDLALSEG,9671.0,14.5995
VTYDHPSKPVEKRLMPPPPQKNKDSWLDHV,-21836.0,14.3107
LDKVKTKKSTKTINPSKYQTIRKAGKVHYP,66356.0,15.8056
QLTQKNKSADGLVFNVVTQDMINKSTKPYR,2121.0,14.4072
ADGVGAVSRDLEKHGAITSSNTAANNAACA,3601.0,13.7742
VGNKETDLIVEDFSSYSNERKRALGVEAQS,1645.0,13.9101
FKQLHPQLLLPDDYLDCLGKQAEALRPFGE,-3850.0,14.2079
ITDEDTPTAIARRNMTMDPNHVPGSEPNFAA,12177.0,14.2183
VEPDKVEEANKGENTSLLHPVSLHGMDDPER,48536.0,15.4704
STVAREASDKEKAKDLPTFKDNDFLNEGQKL,14037.0,14.9906
EQINDVKGATSDEEDEESSHEDTENVINGPE,103206.0,17.0341
SALLDTDEVGSELDDSDDDYLISEGEEDGPD,126140.0,17.6264
RYADAIFTNSYRKVLGQLSARKLLQDIMNRQ,11722.0,14.9719
GIPGSPEPEHGSVQESQVSEQPATEAAGENP,55651.0,15.2072
NTDQQKVSEIFQSSKEKLQGDAKVVSDAFKK,3622.0,14.9185
KEEEDDEEDEEDEEEEEEEEDEDEEEDDDDE,174648.0,22.063
ENWKEKMAIEGEPSPSVVPFTRPRPGHADLS,1738.0,14.522
MKVSAALLWLLLIAAAFSPQGLAGPASVPTT,-18472.0,13.9316
MSDSNSRLVYSTETGRIDEPKAAPVRPKGDG,6708.0,14.521
KVEKKRRPTRPTLGSKTRRLESKSKRGSIKA,103899.0,17.0027
APQYAPGDEPSYDEDTDDSDKLVENDTSITD,91733.0,16.5389
ISSELQQSEQSKQKQYGTTLQNLAKQNRIIK,9982.0,14.795
STAAGQERREKLTEETDDLLDEIDDVLEENA,70594.0,15.8353
NIIDSTTMNTISGNAADADAAAVANTSLNID,32916.0,14.7317
MTQFSLNDIRPVDETGLSEKELSIKKEKDEI,25606.0,15.4129
SHKLPSGPPMHHFNSRYSETGCVGMQIRDAH,-15095.0,14.2235
VPEPDLPCDLRHLNTEPMEIFRNCVKIEEIM,22241.0,14.983
TDNLLPMSPEEFDEVSRIVGSVEFDSMMNTV,50054.0,15.4655
WNRAKLSLAQKKDRVAQKKASFLRAQEKADS,48829.0,15.9651
AGTMTFQFRNPNFGGNPNNGAFLLNSAQAQN,-6921.0,13.9998
TGEDSVDGKKRQRHSGLTEQTYSALPEPKAT,1476.0,14.0513
NRDLFAELSSALVEAKQHSEGKLTLKTHHVN,-437.0,14.9675
VPCAGATAFPADSDRHCNGFPAGAEVTNRPS,-5873.0,14.1338
PSVTEASPWRATNPFLNETLQDVQPSPINPF,-8584.0,14.3673
ETGSQEGGEGLSKEPAGSDEQKQLRADPPST,31973.0,15.0983
EEPINKRLFEKYLKDESGFKDPSSDWEMSQS,12139.0,15.0842
YLLRSPANARRLMDSIDSLKSGKGTEKDIIE,249.0,14.7454
SGDCTGKLRGNVAANKETTFQGLTIASGARE,6133.0,14.5186
NKLLSGVTIAQGGVLPNIQAVLLPKKTEKKA,22173.0,14.6977
YAVLEHAKNTILNRQDVAKLLPRASNFELSQ,-7589.0,14.6122
MPSSKPLAEYARKRDFRQTPEPSGRKPRKDS,35107.0,15.0001
QSWQKKVYPISRPVQPFKVGSIGSQSASRNP,32618.0,15.025
VPSKSQETVDDDDDDDNDSNDTDESDEVFTD,114227.0,17.6159
MEDLDQSPLVSSSDSPPRPQPAFKYQFVREP,-9420.0,14.1396
QNLDSMLHGTGMKSDSDQKKSENGVTLAPED,22240.0,15.019
MFVKSETLELKEEEEVLMLLGSASPASATLT,26897.0,15.1954
MSSLQKRPGPGNSSQPTERPRKESILDLSRY,12770.0,14.9808
QKEGERALPSIPKLANNEKQGVRSHTVSVSE,11850.0,14.9346
KKEEEDDEEDEEDEEEEEEEEDEDEEEDDDD,165600.0,21.398
HMYVFGDFKDVLIPGKLKQFVFDLHSGKLHR,-19640.0,14.5985
MDAGFFRGTSAEQDNRFSNKQKKLLKQLKFA,12065.0,14.5541
KDVVMTDSEDSTVSIQIKLENEGSDEDIETD,78025.0,16.1548
GVVASQPARVVDEREQMAISGGFIRRVTNDA,-5566.0,14.1762
LEDSIDNLSQNGEGRISVSHVGSTASKNSNL,4930.0,14.3232
PIAVGGYKVTLGQMHGLLTERRAKMSSVFED,-6819.0,14.4002
KKRLDKSYRYFNNINRLAKEFPLAHRQREAD,27955.0,15.2502
LKADEQGESGNGDSQRPDTPTTLLEPSAFTA,29250.0,14.9478
KILKREGADAAAKTSKLRGLKPKKAPTARKT,84640.0,16.3809
MSSRKVSRAHYDEDELASAANMSLVAEGHFR,-15552.0,14.2234
HMSQKHTEMVLEMSIGAPEAQQRLALSEHLV,7929.0,14.9796
GCTLSAEDKAAVERSKMIDRNLREDGEKAAR,15517.0,14.8448
RKSLLNSLEEAKKKKEGALDDTRDSEMKLKAF,1681.0,15.3035
MFGRDPFDSLFERMFKEFFATPMTGTTMIQSS,-21358.0,14.7058
GEYFTLQIRGRERFEMFRELNEALELKDAQAG,-4583.0,15.0902
RDRDQNRDLTGDPWGGRTLEWATSSPPPFYNF,-18978.0,15.0353
HGKSMDMTQPEGEHSAHEGMEGMDMSHAESAH,50110.0,15.6564
MSSKEQKTPEGQAPEEIIMDQHEEIEAVEPEA,66797.0,16.1931
MDDMDDEDDDDHVDSQDSIDSNDSDDVDDTDD,148348.0,19.4232
LPVYTLKERCLQVVRSLVKPENYRRLDIVRSL,11192.0,15.5624
DRKAAVSHWQQQSYLDSGIHSGATTTAPSLSG,-15452.0,14.0136
ARLRHGRGANGGEHPNGKQADTDHLIHNGNPQ,-12818.0,14.3439
ASTPTNATAASDANTGDRGQTNNAASASASNS,3423.0,14.326
PASASVSALIGGNQEGSHPQPLGGPEPGPYAQ,6076.0,14.3461
RDNGPGVTPEALARIGERFYRPPGQTATGSGL,-9451.0,14.437
FDKSKLKKTETQEKNPLPSKETIEQEKQAGES,3399.0,15.4236
MTVIKPSSRPRPRKNKNIKVNTYRTSAMDLSP,39981.0,15.5423
AERWKAENQEGMAEVARFIEMNGSFADENRDW,22444.0,15.6856
MVSGMSTEEEKEGTNDEEVSEEREVEETSEEE,112712.0,18.1938
MSLEKAHTSVKKMTFGENRDLERVVTAPVSSG,-400.0,14.8004
YAEREAARQKKQRAIGSADTDRDAKREFHSKY,6634.0,15.2845
RARTEDYLKRKIRSRPERSELVRMHILEETSA,-7382.0,14.7655
RARLADDLNEKIAQRPGPMELVEKNILPVESS,4061.0,15.0564
LSERKNVLQLKLQQRRTREELVSQGIMPPLKS,18782.0,15.2834
PVFTLAELVNDITPENLHENIDWGEPKDKEVW,40670.0,16.0826
NREDRNVLRMKERERRNQEIQQGEDAFPPSSP,-1403.0,14.9422
GNSELSEAENMDTPPDDESKEGAGEQKAEHMT,73416.0,16.3374
MGSQKRLVQRVERKLEQTVGDAFARIFGGSIV,1743.0,14.9448
LAQPSTSRKRPREGEAEGAETTKRPAVCAAVL,512.0,14.5649
SDQGDVAEPKMHKTAPPFDFEAIPEEYLDDES,63642.0,15.4034
SRTEGNIDDSLIGGNASAEGPEGEGTESTVIT,52968.0,15.8664
SRPERAELVRMHILEETSAEPSLQAKQLKLKR,-11623.0,14.7116
QRPGPMELVEKNILPVESSLKEAIIVGQVNYP,-5694.0,15.0902
SDALSPEQPASHESQGSVPSPLESRVSDPLPS,25106.0,14.9686
DTKSTVTGERQSGDGQESTEPVENKVGKKGPK,-1328.0,14.6118
DSHAKRHHGYKRKFHEKHHSHRGYRSNYLYDN,12772.0,15.1821
GEFSEAREDMAALEKDYEEVGVDSVEGEGEEE,110421.0,17.6737
GTWIGEDIFPPLLPPTEQDLTKLLLEGQGESG,31043.0,15.1032
EFMRGGGSGGGRRGRGGYRGRGGFQGRGGDPK,44961.0,15.1199
GVDQRLGEGQEKLHQMWLSWNQKTPQDAEKDP,-1189.0,14.9059
VTVKKSDIDKQRDIITGWKKFVADRKKTSGIC,28225.0,15.4611
PGMESTQDRSREDMIDIKLEKPQEQPVSEGGC,30002.0,15.336
STVHEILCKLSLEGDHSTPPSAYGSVKAYTNF,-14271.0,14.6911
TQKGARQRKINEWLGIKNETEDQYSLMEDEDA,-54939.0,13.1982
GVIVRQKLRPAPLLSADHKLKRLEFAKNNMGT,27404.0,15.2332
EPEKLEEANKGENTSLLHPVSLHGMDDPEREV,51285.0,15.7816
KASSGNIRMPSLSDETQALGNSLSAFNPADPR,-12117.0,14.531
QAKPAVPTSKLGQAEGRDAGSAPSGGDPAFLG,-4385.0,14.3923
PRFQDSSSSKAPPPSLPSPSRLPGPSDTPILPQ,-11852.0,14.7029
VEPDKVEEANKGENTSLLHPVSLHGMDDPEREV,51090.0,16.1151
MSSNCTSTTAVAVAPLSASKTKTKKKHFVCQKV,35423.0,15.5479
PDEAPRMPEAAPPVAPAPAAPTPAAPAPAPSWP,-6678.0,14.8489
NTDQQKVSEIFQSSKEKLQGDAKVVSDAFKKMA,4179.0,15.6366
DPKLCYLLDGILFIYGVILTALFLRVKFSRSAD,-34905.0,14.7044
KATFEAYKKAALDAEFASLFDTLDSTNKELVNR,-5055.0,15.2543
GVQGFGDDIPGMEGLGTDITVICPWEAFNHLEL,47582.0,15.6158
MSGRPRTTSFAESCKPVQQPSAFGSMKVSRDKD,14391.0,15.3793
DLRPEIRIAQELRRIGDEFNETYTRRVFANDYR,-15838.0,15.2643
YERHQAQIDHYLGLANKNVKDAMAKIQAKIPGL,-1218.0,15.0697
DDKYRELRSQLSNKSLAPEVHQQISKQLADRER,5222.0,15.6647
RAEIKENNQVVIKEEFRNYYENGEEKSNKQMLL,8214.0,15.6654
KCRCKFNQNKRTRSNSGTATAQHLLQPGEATEC,-858.0,14.618
KLQQYREMLIADGIDPNELLNSLAAVKSGTKAK,-11412.0,14.892
APQYAPGDEPSYDEDTDDSDKLVENDTSITDED,107277.0,17.6548
STAASPTQPIQLSDLQSILATMNVPAGPAGGQQ,-3776.0,14.4949
SQKKAELLDNEKPAAVVAPITTGYTDGISQISL,-5138.0,15.0857
GLDINKTEGEEDAQRSSTEQSGEAQGEAAKSES,60187.0,15.972
SNTRRATDRHSRTGKTDTKKKVNQGWGDDKKEL,32474.0,15.6435
RKPAETVSETEEELEIPEEDFSSDTFSEDEPPF,84103.0,17.1085
GDYFPSQDEQLAKAAPKQFGRNLARDKKKQRGR,-5127.0,14.4158
SFRRPFHECALCYSITDPGERQRCIDMYCSYTN,-26213.0,15.1078
LGRVTIAQGGVLPNIQAVLLPKKTESHHKAKGK,30777.0,15.5403
EPVFTLAELVNDITPENLHENIDWGEPKDKEVW,61621.0,16.5123
DMEEPINKRLFEKYLKDESGFKDPSSDWEMSQS,19656.0,15.5955
EVYASRNMMHLKKIKEFVIGSSMFMRRSLTPNK,23562.0,15.7557
HSFGNARPKNKNKGRGPPKAPIFPKGDPSQKED,22382.0,15.3295
MFINPRNVSNTFLQEPLRHSSNLTEMPVEAENV,-6954.0,14.9446
KWKRKSAGGGPSRAGSPRRTSKKTKVEPYSLTA,72441.0,16.4025
ASSEDEQAEQEEEREKQELEIKKEKQKEILNTD,55890.0,16.3958
TVFNVDLPCRVKSSQLGIISNKQTHTSAIVKPQ,3961.0,15.1309
MSRNTEATDDVKTWTGGPLNYKEGFFTQLATDE,9625.0,15.156
TAMAAAKAPTKAAPKQKIVKPVKVSAPRVGGKR,83270.0,16.6748
DKHGEVCPAGWKPGSETIIPDPAGKLKYFDKLN,-11670.0,15.0345
QKEKKKKKSSAAKGRKTEENETPVTESEDSNMA,-46519.0,13.2224
LAELYVREHLREQSRKPPNPTPPPPGASANASV,-11538.0,14.8057
MTQFLPPNLLALFAPRDPIPYLPPLEKLPHEKH,-28135.0,14.9651
GLLPEIAPNASLGVVHRRTGGTVTDSPRNPVTR,-3173.0,14.7227
NKRKIIAFALEGKRSKVTRRPKASDYQRLNLKL,80281.0,16.8255
NFPQMAHQKRFIERKYRQELKEMRWEREHQERE,-1364.0,16.0803
YESVGVVNIAGIPSRQLQDMRRDLHGTAELRVS,-12958.0,15.1149
VSHVQSSASVPGLIELLESNTIFGNEAELLEKE,36273.0,15.7831
PPPPDLEQLRLTDELAPPKPPLPEGEVPPPRPP,5872.0,14.9821
KQTLLSDEDAELVEIVKERLRNPKPVRVTLDEL,-15197.0,14.7917
RSMDRKSNTRNNMIQTKPTGTQQSTNTAVTLTG,19259.0,15.2396
HAQQQTAGADASANNAKDDDVVDAEFEEVKDKK,33922.0,15.9872
SKNKLSKGQQRRVNANHQRRLKTSAEKADYDDN,1576.0,14.6559
DPRFQDSSSSKAPPPSLPSPSRLPGPSDTPILPQ,-17298.0,15.0663
STDSTPMFEYENLEDNSKEWTSLFDNDIPVTTDD,86188.0,16.9889
MLNEPPGELADISDVEGEVGAIGEEAPQMNYIQV,70252.0,17.1182
MSGRPRTTSFAESCKPVQQPSAFGSMKVSRDKDG,8099.0,15.4231
AASTPTNATAASDANTGDRGQTNNAASASASNST,8008.0,14.619
KRKGILLKSDESFDVSEDTRSQSNQSDSELEKEN,-8416.0,15.422
KTMLGNRINDGLAGKVSTKSVGEILDEELSGDRA,-3361.0,14.9952
PILTTKTERMFGAAESEKSSEPPSHDERGFKLSS,2398.0,15.7436
ALGPVSMPNLVPEVIDLTCHEAGFPPSDDEDEEG,68361.0,16.2583
VMQDPEFLQSVLENLPGVDPNNEAIRNAMGSLAS,18683.0,15.485
NRDLFAELSSALVEAKQHSEGKLTLKTHHVNDVG,-4151.0,15.6755
QTQQEEEEEDEDHGPDDYDEEDEDEVEEEETNRL,150055.0,20.95
MPLPPHPGSPGYINLSYEKSHSQAINTDRTALVL,-21324.0,14.8151
GKGDMSDEDDENEFFDAPEIITMPENLGHKRTGS,25814.0,15.1872
VEEEEWAREIGAQLRRMADDLNAQYERRRQEEQH,7964.0,15.7994
SSVLPGDSVGLAVILHTDSRKDSPPAGSPAGRSI,-8164.0,14.9555
RVTLSSKPQALATPNKEEHGKRKKKGKGLGKKRD,74684.0,16.8812
CFSAQNPPRRGKQGANKQTKKQQQRQPEASIGSM,37873.0,16.2309
LKGKAKKKRKPEDESRSSRESMAEELDGAEELQS,-71468.0,12.8044
QTSRGLFGNNNTNNINNSSSGMNNASAGLFGSKP,528.0,15.0139
DHIALPRPQSAATHPPTLLPSAVPETDAPVDTNL,-144.0,15.0749
RVDDLQQIHTGIMLSTRLLNDVNQPEEALRKKRA,-31782.0,15.273
VRVVRQRRRKELQEEQELDGVGDWEDLQDDIDDS,-41113.0,12.3964
MCDSKDNSGVSEKCGKKFTNYPLNTTPTSLNYNL,-11737.0,15.1399
PSSDEPPMEASQSHLRNSPEDKRAGGEESQFEMDI,52226.0,16.3426
GTRIIYDRKFLMECRNSPVTKTPPRDLPTIPGVTS,82.0,15.7081
TRIIYDRKFLMECRNSPVTKTPPRDLPTIPGVTSP,-1222.0,15.5707
MDIVVNDDLSCRFLEGFNTRDALCKKISMNTCDEG,2334.0,15.3829
EQVTNVGGAVVTGVTAVAQKTVEGAGSIAAATGFV,3045.0,15.47
PNDEIAEQINDVKGATSDEEDEESSHEDTENVING,111181.0,18.2486
MRLRKYNKSLGWLSLFAGTVLLSGCNSALLDPKGQ,6016.0,15.1302
RDAMPSDANLNSINKALTSETNGTDSNGSNSSNIQ,10938.0,15.782
IDLAAAPMGVEIMAPPGMEEMTSQLQSMFQNLGGQ,23838.0,15.8871
SDNVQVAPQEVEVSSYLVGQIDSEVDTDDLSNFQL,71141.0,16.9869
RDERYPTQSPMPLTVACASPELASGKVWIRYPIVR,-15446.0,15.5869
RKEPVFTLAELVNDITPENLHENIDWGEPKDKEVW,33614.0,16.8166
RQLALEAKGETPSAVTRLSVVAKSEPQDEQSRSQS,6912.0,15.9413
MGRSRRTGAHRAHSLARQMKAKRRRPDLDEIHREL,29453.0,15.8723
GEVNDGATSACRDNTGTNSFYRNLVWFVKKGNSYP,-15514.0,14.8032
MSATAATVPPAAPAGEGGPPAPPPNLTSNRRLQQT,-7145.0,15.0499
MKYRYFAKKSFLFISMLAAFKTFAFELPSVPFPAP,-10948.0,15.4849
RPRLKNVDRSTAQQLAVTVGNVTVIITDFKEKTRS,19296.0,16.1814
AYEHITHDYPEPTAPNKNKISTVSDYFRNIRTRSV,-34545.0,14.8968
MEYVAALSLVLKGKVEQKLRWYFKLYDVDGNGCID,-32748.0,15.2612
DAPAVGKDLTQAAENIPPAFHNAPRQGELPALNYV,-3857.0,15.2648
RIELTVESSADDLRTLQQLFLSTLSFVCPWCATNQ,-11167.0,15.585
TRPNNNTRKRIRIQRGPGRAFVTIGKIGNMRQAHC,82955.0,17.2394
MSSAHNAYNAGIMQKTGKAFADEFFAEENQVVHES,5019.0,15.3146
EQQGGGSPIRHGDARMMKGGPGGARPQFVGEGRYD,-4731.0,15.4241
QRAGDWKCPNPTCENMNFSWRNECNQCKAPKPDGP,-9677.0,15.286
MPLPVALQTRLAKRGILKHLEPEPEEEIIAEDYDD,-32190.0,14.1138
MARTKQTARKSTGGKAPRKQLATKAARKSAPATGG,95136.0,17.4997
PHGPREKKAKVGSKSGSNKSSISSKSGDGKTSVWI,45229.0,16.484
MDPGDAAILESSLRILYRLFESVLPPLPAALQSRM,-21213.0,15.0712
AAEQDSYLDDVLVDDENMVGELEEDLDADGDHKLV,116783.0,18.7004
EKLKQDILNLRTDISSSSSSISSSEENDFWQPKPT,2669.0,15.8687
EGIQSSKSKECIESMGQASYSGQLDFEASEKPSNH,23557.0,15.9948
GNGSSNGTDNNGAAAIKDKEKVTKSPSPSTGTSEE,10721.0,15.5029
GFTPHDSAPYGALDMADFEFEQMFTDALGIDEYGG,69137.0,16.5386
MPEPAKSAPAPKKGSKKAVTKTQKKGDKKRRKSRK,109804.0,18.6881
RGGGTHRSGQGAFGNMCRGGRMFAPTKTWRRWHRR,81951.0,16.7511
AEQDPMEPPKFRHKKVPRGPPSPPPPVLHSPPRKV,-5051.0,15.2925
MVIGLSTGSDDDDVEVIGGVDPRLIAVQENDSDES,79077.0,16.7479
APAEDVDTPPRKKKRKHRLWAAHCRKIQLKKDGSS,29536.0,15.3426
YRRFEKEKLKSQWNNDNPLFKSATTTVMNPKFAES,6536.0,15.9921
KKTAMAAAKAPTKAAPKQKIVKPVKVSAPRVGGKR,108250.0,17.8435
LSDSRVLWAPAEAHPLSPQGHPARLHRIVPRLRDV,-17215.0,15.1298
MAEKDDTAQVVVNNNDPTYKSEHTDTLVYNPEGAL,36549.0,16.0605
NKNSDESDSESDSDGSVFDNNDDSYLQPKPKLTDA,47710.0,16.1028
EATKGQNYRSLSSDSSSSSSFSNSEEDHYWQPKPT,2987.0,15.3733
KSGRTSEPNSEDEAAGVGKRKRHGMGGAKENELLS,412.0,14.5263
PLQPSSTMGQVGRQLAIIGDDINRRYDSEFQTMLQ,-12390.0,15.5063
PVPQDASTKKLSECLKRIGDELDSNMELQRMIAAV,-5271.0,15.2978
VANSVLFPCKYASSGCEITLPHTEKADHEELCEFR,9416.0,15.8272
LHSVSRGMYDGPVYEVPATPKHAAPAPSAKSSPSK,-1240.0,15.1212
SDPSEDEDERSTSKPHSTSRNINLGPTGNPHAKPT,-14615.0,14.817
VKKSQNGFTSSPADDVKVRLSLFSHLLYRCSITYL,-10746.0,15.5753
TAHETDKSEGGKRKADSDSEDKGEESKPKKKKEES,15068.0,15.6212
DKPNNTPSQSGAKNDKQESSQNNSNTQVINPPNST,-1812.0,15.7349
MDAQTRRRERRAEKQAQWKAANPLLVGVSAKPVNRP,44560.0,16.9577
MPKRGKKGAVAEDGDELRTEPEAKKSKTAAKKNDKE,188.0,15.4893
RSPDKQAAALPRRERNRQAAAASPENSRGKGRRGQR,73161.0,17.1837
SPNDEIAEQINDVKGATSDEEDEESSHEDTENVING,110374.0,18.5696
MASQDKDGKTTDADESEKHNYQEQYNKLKGAGHKKE,4537.0,15.8259
NVITKKRKGYEDDDYVSKKSKHEEEEWTDDDLVESL,-47445.0,14.0442
HSNNNQAYNSHDGNGKVNYPNGTSNQNGGSASKATA,-2399.0,15.4845
EGRQYGRGRSGGQVRDEYRQDYDAGRGGYGKLAQNQ,7331.0,15.7661
QNKSKKKAQQAAADTGNNSQVSQNYPIVQNLQGQMV,1700.0,15.8223
MDRGERLGIKPESSPSPHRPTTNPNTSKFAQKFGGA,17034.0,15.9907
MPPPGTPSFSLPPTEPSSEVPEQPPAQALPGSTPKR,-7625.0,15.5845
GDSSQQEVPESSVTPETNSETPKESTVLGNPEEPSE,81866.0,17.1589
ACPETKKARDACIIEKGEEHCGHLIEAHKECMRALG,6654.0,15.9035
KKKKEKKSEKKEKKEKKHKEKERTKKPSKKKKDSGK,133594.0,20.2536
QQESSQYIHCENCGRDVSANRLAAHLQRCLSRGARR,-884.0,15.4493
KKIKPPLPSVTKLTEDRWNKPQKTKGHRGSHTMNGH,53013.0,16.7399
AQDFSAAPIQVSTTEKKETSIGVSATGGKKTTFADE,4466.0,16.0878
GYDTFGTVKKSNLEVNENGDGDEDGENESAKNAVKK,791.0,15.5036
QEDEDEEEEREKKPAEQAEETAPIEATATKEEEGSS,106998.0,18.3741
RRLRAERWKAENQEGMAEVARFIEMNGSFADENRDW,-18219.0,15.9883
MNTDAIESMVRDVLSRMNSLQGEAPAAAPAAGGASR,2227.0,15.6555
MRHIICHGGVITEEMAASLLDQLIEEVLADNLPPPS,24194.0,16.3793
MSNRDLFAELSSALVEAKQHSEGKLTLKTHHVNDVG,2887.0,16.1472
VPNSKASEAKEGEEAGPGDPLLEAVPKTGDEKDVSV,49624.0,16.8769
VEDADMELTSRDEGERKMEKEELDVSVREEEVSCSG,86219.0,17.6751
GSLKTSAVPSTSTMSQEPELLISGMEKPLPLRTDFS,-9203.0,15.8652
IPETPPPGYLSEDGETSDHQMNHSMDAGSPNLSPNP,41855.0,16.1985
EARPIVVGPPPPLSGGLPGTENSDQARDGTLPYTKD,5946.0,16.0226
ELPVLAPQWEGYDELQTDGNRSSHSRLGRIEADSES,31622.0,15.9245
MSSSHSRAGQSAAGAAPGGGVDTRDAEMPATEKDLA,13163.0,15.8279
MKVRSSVKKMCDNCKVVRRHGRVLVICSNVKHKQRQ,95081.0,18.0504
QLKNKKQTETEMLYGSAPRTPSKRRGLAPNTPGKAR,50046.0,16.315
WTGEDSAEPNSDSAEWIRDMYAKVTEIWQEVMQRRD,26419.0,16.6939
PPSEAPQPPEAHLPHSAAPARKAELRRELAHCQKVA,-3897.0,15.404
LFRKSNLKPFERDISTEIYQAGSTPCNGVEGFNCYF,-18226.0,15.6961
KTVTISKPCGKLTKPKPQAESKKKKKEGKKQEKMLD,81396.0,18.0561
LLGDFFRKSKEKIGKEFKRIVQRIKDFLRNLVPRTES,37457.0,17.6828
EEGAPQEGILEDMPVDPDNEAYEMPSEEGYQDYEPEA,129794.0,19.7148
MMFNKQIFTILILSLSLALAGSGCISEGAEDNVAQEI,-8496.0,16.2168
GQGGGTHNQWNKPSKPKTNMKHMAGAAAAGAVVGGLG,14397.0,15.4835
EFESNVNEVKDPYPSADFPGDDEEDEPEIPVSPRPRP,53630.0,17.1907
EKGSCVRPDFESAGGPFNPLNKEHGFNNPMGHHAGDL,4685.0,16.051
KVAAGHELQPLAIVDQRPSSRASSRASSRPRPDDLEI,-12684.0,15.9787
MGRRFLVTVRIQRAGRPLQERVFLVKFVRSRRPRTAS,83852.0,18.0842
DYLYYFNRSYNKIAPGNKAYIEWTDPITKAKINTIPT,-36084.0,15.9328
NSNGWSWSNKPHKNDGFHSDGSYHITFHGDNNSKPKP,-22615.0,15.4015
RCDLNCRIHKKSRNKCQYCRFQKCLAVGMSHNAIRFG,58635.0,17.4167
CKFKESVFENYYVIYSSTLYRQQESGRAWFLGLNKEG,-36962.0,15.9423
DEDEEMAETADGDSMNVEESSQGSTTSDHLQHKSQSS,71292.0,17.4839
PAQDFSAAPIQVSTTEKKETSIGVSATGGKKTTFADE,3206.0,16.3959
FRSSMKNTLKSVKIIDPEGNDVTPEKLKREQRNNKLH,3207.0,16.4321
KKRRQRRRAHQNSQTHQASLSKQPTSQPRGDPTGPKE,47308.0,17.0849
GESVKVHQLDVAIPLHLKSQLRKGPPLGGGEGEAESA,-8936.0,15.5024
SNTRRATDRHSRTGKTDTKKKVNQGWGDDKKELSAEK,31737.0,16.8589
GYTSPSPTLPNRNRSCGCNPAVSAAMAQGADLASKLT,-9784.0,15.4923
IEVDGQLITLESGEFQVYKQSHSALTAFQTEQIQDSE,37630.0,16.6887
ADVEEWLTHARKVTQEASIGVDVTSIQECISAEPAQR,21182.0,16.5145
DRAAQSLLNKLIRSNLVDNTNQVEVLQRDPNSPLYSV,-26101.0,16.0928
GDNMQDVMEGADDMVEGEDIEVTGEAAAAGLGQGEGE,115715.0,18.9112
QSLLTVFQILTGEDWNSVMYDGIMAYGGPSFPGMLVC,-14271.0,15.6783
LALSDSRVLWAPAEAHPLSPQGHPARLHRIVPRLRDV,-29687.0,15.6851
LSDSRVLWAPAEAHPLSPQGHPARLHRIVPRLRDVFG,-27939.0,15.7113
MLTQTLKTQVINTQIGGKIAPPHQVSDQFGAITGHVG,-22494.0,15.6222
MYREPSLHEIGEKQGRSRKSSGTPTMNGGKVVNQDST,-6490.0,16.21
MVRRFLVTLRIRRACGPPRVRVFVVHIPRLTGEWAAP,30507.0,16.5669
NKSFETDNADMPDDVTQGSAWDLTEFTDALKKADHQD,54928.0,17.4289
AEKNRKDAEEWFFTKTEELNREVATNSELVQSGKSEI,18099.0,16.7718
KKKNKARSGENPYASIDISKGENNPGFQNTDDVQTSF,-35571.0,15.4561
KGRTFDEIASGFRQGGASQSDKTPEELFHPLGADSQV,1319.0,16.1287
MNTPWRNPAEEREKLAYRKQNMDDIDEEDDDLVGVSV,7571.0,15.5328
MNTPWRNPAEEREKLAYRKQNMDDIDEGDDDLVGVSV,2556.0,15.7057
ESCKGRCTEGFNVDKKCQCDELCSYYQSCCTDYTAEC,12397.0,16.308
CSEGISSFPKYPDHDDDFNGGGAFFLPSASADSSVEC,42271.0,16.2304
RLPFKQTLLSDEDAELVEIVKERLRNPKPVRVTLDEL,-38728.0,15.8209
EPEEHVQIHTIDGSSGVVNPVMEPIYDEPTTTTSVPL,51209.0,17.0724
LDSVDGVPAFLRRGWDNRDGPLFNFLGCVRPQVQQVW,-47602.0,15.7984
LLPAGGENGSEATDVSDEVEAAEMEDEAVRSQVQHKPK,29995.0,16.7478
DKFYTPKTRPSGHDIGKSFSKDNGGSIPPNLLQISNSE,-6620.0,16.3428
PYSDRMKKLIEDPDKFYTPKTRPSGHDIGKSFSKDNGG,-3370.0,16.2661
NEEGAPQEGILEDMPVDPDNEAYEMPSEEGYQDYEPEA,131895.0,19.9948
RCRHRRRQAERMSQIKRLLSEKKTCQCPHRFQKTCSPI,84384.0,18.5636
EPVRKEPVFTLAELVNDITPENLHENIDWGEPKDKEVW,48492.0,17.5931
FSEMMNNMGGDEDVDLPEVDGADDDSQDSDDEKMPDLE,133522.0,20.835
NISLEGKTNFFEKRVGEYQRMGVMSNSTENSFTLDADF,2703.0,16.6025
MAPKMTSKKRARDEEAQSGGSEAETKPAPVKKAKSKAS,25595.0,16.3714
QNSARIRQNTREHPSTANTVDRTNHQLENLEAETAPLP,-10769.0,15.9828
MPEPAKSAPAPKKGSKKAVTKAQKKDGKKRKRSRKESY,103337.0,19.6725
SDCDHQQNSPTLERPGRKRKWTETQDSSQKKSLEPKTK,-7087.0,16.2075
PDFARNLLSVVRVVQPKGGALTIAEVYPFFFTHNGEFT,-22927.0,15.9633
KTVEDADMELTSRDEGERKMEKEELDVSVREEEVSCSG,79426.0,18.1649
LREASQTSSSPAPKAPRGSSSQGPSQTSTPTDVTAIHL,-3256.0,16.0022
NVQGTTPSAAVSEAEQIRQLKKENALQRARTRHPAESC,6269.0,16.2616
YNDDDDDDDGDDPEEREEKQKDLEDHRDDKESRPPRKF,21137.0,16.5627
TAGIKRPVVKMEKTAEKGGRPASNGKRFTSPGRKKKGR,99374.0,18.577
STAAGQERREKLTEETDDLLDEIDDVLEENAEDFVRAY,78929.0,18.2921
VTDRLASVETDMPLTLRQHRISATSSSEESSNKGQRQL,-3879.0,16.3981
NPDDIKPRRIRKPRYGSPPQRDPNWNGERLNKSHRHQG,28970.0,16.5658
LGELQESQSRLEAATKECQALEGRARAASEQARQLESE,29830.0,17.3924
DKWVDLTMDDIRRMEEETKRQLDEMRQKDPVKGMTADD,22102.0,16.9906
ARRPNKYNQKGRSDEKNKNSDESDSESDSDGSVFDNND,-53903.0,14.6729
NMNGVRKDVVMTDSEDSTVSIQIKLENEGSDEDIETDV,59401.0,17.4156
TNLVNQSGYALVASGRSGNLGFKLFSTQSPSAEVKLKS,2017.0,16.2382
DDDVKKSQNGFTSSPADDVKVRLSLFSHLLYRCSITYL,-31278.0,15.9746
GGPVYTRTPRSSDEVSLEESEDGRGNRGSLEGNSQHRA,-2235.0,16.0635
LAPSPQSPETPAPQNQTSRVVQAPKEEEEDEQEASEEK,46244.0,16.861
PKRGKKGAVAEDGDELRTEPEAKKSKTAAKKNDKEAAGE,4972.0,16.2313
VPVEPDKVEEANKGENTSLLHPVSLHGMDDPEREVLEWR,50636.0,17.9904
DEECENDGVGGNLLCSYGTPPDSPGNLLSFPRFFGPGEF,26521.0,16.3735
MEEPQSDPSVEPPLSQETFSDLWKLLPENNVLSPLPSQA,41883.0,17.1254
EFTAQSITITPPDRYDSLGLLELDQRTHFPQFSYSASIR,-14009.0,16.1375
VTPFNYNPSPRKSSADSTSARPSQIPTPVNNNTKKRDSK,31360.0,16.9853
ACPETKKARDACIIEKGEEHCGHLIEAHKECMRALGFKI,6194.0,16.9742
THFRSKDHKKRLKQLSVEPYSQEEAERAAGMGSYVPPRR,-951.0,16.144
TVYNGECRYNRNAVPNLRGDLQVLAQKVARTLPTSFNYG,2727.0,16.6287
GIHKQKEKSRLQGGVLVNEILNHMKRATQIPSYKKLIMY,36777.0,17.5542
QEQKEEQKQEQTQDNIAKIFDAQPANFEQTDQGFIKAKQ,17909.0,17.4064
APEDPNEEAVSQIFPDSVMLAVQEGIDLLTFPPAPGSPE,73593.0,17.6701
DDTDETAGQDTPLSRENVLTGHENEVGSAQPDTVILDTS,82008.0,18.0812
KDREGPTDHLESACPLNLPLQNNHTAADMYLSPVRSPKK,-21253.0,16.165
KKGELPPGRSTVAASTRYPFKDSEIENELNELRRKANDF,-7411.0,16.4023
SPGPGFTPHDSAPYGALDMADFEFEQMFTDALGIDEYGG,70345.0,17.5728
GEPRTRAEARPWVDEDLKDSSDLHQAEEDADEWQESEEN,86187.0,18.2962
VKKEDTEKEKDLRDVGDWRKNIEEKSGMEGRKKMFEAGE,20804.0,17.5539
MDQQFVAQLEQALGAIVQPTGSLKDATKTLQSQFYTQSA,-9752.0,16.8786
MDAQSSAKVNSRKRRKEVPGPNGATEEDGIPSKVQRCAV,-5865.0,15.6523
PNVDRLLETAGIKASALREIVETWDESSGSFLPVPERRR,-10945.0,16.6614
SQPETRTGDDDPHRLLQQLVLSGNLIKEAVRRLHSRRLQ,-30169.0,16.3212
ESKSYGSGSRRERSRERDHSRSREKSRRHKSRSRDRHDD,57923.0,17.8829
EEGESGLSADGDSEDDDGSLGEVDLPLSDEEPSSKKRKV,43649.0,15.8214
MDLFMRIFTIGTVTLKQGEIKDATPSDFVRATATIPIQA,-16452.0,16.5398
SNQRMNDYSQPESQSDLAPKSSTIQPQPQPLLSKTPSMS,-9636.0,16.4504
LAPSPQSPETPAPQNQTSRVVQAPKEEEEDEQEASEEKA,50272.0,17.1573
MPKRGKKGAVAEDGDELRTEPEAKKSKTAAKKNDKEAAGE,3263.0,16.3709
PAKAEAGAEAGGGAGPGAEDEAGRGAVGDPELGDPPAAPQ,58747.0,17.3009
MHGDTPTLHEYMLDLQPETTDLYCYEQLNDSSEEEDEIDG,112232.0,19.4902
EDSDYATEVSNMSRAQILQQAGTSVLAQANQVPQNVLSLL,1146.0,16.6556
MSIDRTSPLKPVSTVQTRETSDTPVQKTRQEKTSAATSAS,8232.0,16.9532
GKNEEGAPQEGILEDMPVDPDNEAYEMPSEEGYQDYEPEA,123948.0,20.0797
KPKNKDKDKKVPEPDNKKKKPKKEEEQKWKWWEEERYPEG,-3150.0,17.4272
QPGMQPQPGLQSQPGMQPQPGMHQQPSLQNLNAMQAGVPR,-22134.0,16.253
RKWNNNKYSVNIENVRIRKENGIRIDRKTENQENGTFHAV,16905.0,17.401
RVHQFQEMLRLNRSAGSDDDDDDDDDDDEEESESESESDE,83353.0,17.8435
MPPKDDKKKKDAGKSAKKDKDPVNKSGGKAKKKKWSKGKV,108916.0,19.6206
MKQRITVTVDSDSYQLLKAYDVNISGLVSTTMQNEARRLR,-27745.0,16.7897
MKMADAKQKRNEQLKRWIGSETDLEPPVVKRQKTKVKFDD,3935.0,16.923
NQGETPTTEVPAPFFLPASLSANNTPTRRVSPLNLSSVTP,-21456.0,15.9247
DAEFRHDSGYEVHHQKLVFFAEDVGSNKGAIIGLMVGGVV,3423.0,16.4404
MADNFSLHDALSGSGNPNPQGWPGAWGNQPAGAGGYPGAS,-11399.0,15.7547
PSVTEASPWRATNPFLNETLQDVQPSPINPFSAFFEEQER,13520.0,16.9605
DIDECQDPDTCSQLCVNLEGGYKCQCEEGFQLDPHTKACK,31264.0,17.2611
GAMAATYSALNSSKPTPQLKPIESSILAQRRVRKLPSTTL,24517.0,16.8825
MSDNNGTPEPQVETTSVFRADLLKEMESSTGTAPASTGAE,43250.0,17.2751
SIMTSENHLNNSDKEVDEVDAALSDLEITLEGGKTSTILG,60174.0,18.0463
EEPAASFSQPGSMGLDKNTVHDQEHIMEHLEGVINKPEAE,69253.0,17.5335
LHVKSEDQPGEEEDDERGADATWDLDLLLTNFSGPEPGGA,88985.0,18.8983
HVERLQIFQHLHPIVVQAAFPPLYKELFSTETESPVGLSK,-23381.0,16.6577
RIYKGVIQAIQKSDEGHPFRAYLESEVAISEELVQKYSNS,-13947.0,16.7548
MAMVSEFLKQAWFIDNEEQEYIKTVKGSKGGPGSAVSPYP,-18071.0,16.0789
MPSETPQAEVGPTGCPHRSGPHSAKGSLEKGSPEDKEAKE,16282.0,16.9923
SFINEKKYHLQERVDKVKKKVKDVEEKSKEFVQKVEEKSI,24641.0,18.018
MSDDDSRASTSSSSSSSSNQQTEKETNTPKKKESKVSMSK,1124.0,16.4837
LAHKETKDKDRKQQPGIAADLAQRRRPGTPLRLEGIGELS,12324.0,16.8416
SPDKQMAVLPRRERNRQAAAANPENSRGKGRRGQRGKNRG,74232.0,18.101
NPDFPPEVEEQDASTLPVSCAWESGMKRHRAACASASINV,-20074.0,15.3951
KRVLVEKGITKPVKQLKDNMKQKHEERIKKLAKSGIEFKW,74873.0,18.9079
ETSMVSTTAASSVEHAANTYDFAEAKSGSSIPAKVAAEQA,25233.0,16.9325
GATDRTPPSNAILSNSNSDNNSTQGSQSGTVTKTPNPEAT,4869.0,16.4933
HFRYEKDTVVVQDLGNIFTRLPLKRMWHQALLRSGDKVRM,-4996.0,16.941
EHVIEMDVTSENGQRALKEQSSKAKIVKNRWGRNVVQISNT,-27120.0,15.9851
ASQRKWNFDFQNHKPLEGKYEWQEVEKGSLPEFYYRPPRPP,-33461.0,16.8998
DEFTAQSITITPPDRYDSLGLLELDQRTHFPQFSYSASIRE,9557.0,17.1894
KKVPVLPMVAGGSGLDEFINFDPEVERQQTELRHKRTGGKH,-32946.0,16.2038
MPKETPSKAAADALSDLEIKDSKSNLNKELETLREENRVKS,13716.0,18.007
MWTLGRRAVAGLLASPSPAQAQTLTRVPRPAELAPLCGRRG,21993.0,17.2389
DLRALAKHLYDSYIKSFPLTKAKARAILTGKTTDKSPFVIY,18653.0,17.5292
PTQYEEEMTDYQKIQQGFRQNNREMIKSAFLPVGAFNSDNF,-19292.0,16.9657
QAELCADPKELWVQQLMQHLDKTPSPQKPAQGCRKDRGASK,-6597.0,16.63
STAAGQERREKLTEETDDLLDEIDDVLEENAEDFVRAYVQK,58706.0,18.2904
MQNEARRLRAERWKAENQEGMAEVARFIEMNGSFADENRDW,-3069.0,17.427
MHGPRATLQEIVLHLEPQNELDPVDLLCYEQLSESEEENDE,77639.0,19.3001
LPKGFYAEGSRGGSQASSRSSSRSRGNSRNSTPGSSRGNSP,50284.0,17.4202
DTMPFVMLTRKGNKQQFKILNVPMSSQLAANHWNQQQAEQE,-35536.0,16.5688
AAKPFKILKKRSTTSVASYQVSPHTARIFKENERLIDEYKR,23996.0,17.6333
YCQDQVYRGALQKVREKELEEEKKKKSWDFGAFQSSSATDS,-2256.0,17.456
RSRNQELAQKIDNLNQAVSEAKAGFFGNLEQTIDKLKDSTK,4402.0,17.764
MDQDYERRLLRQIVIQNENTMPRVTEMRRTLTPASSPVSSP,-23400.0,17.1701
ELPVQAYWEADLEDELQTDGSQASRSFNQGRIEPDSESQEE,83736.0,18.5376
MAMVSEFLKQAWFIDNEEQEYIKTVKGSKGGPGSAVSPYPT,-17608.0,16.5276
KGKKRNKQEKMKRKYVGSAVPKKRAGFEGRLKTGKKKGGPK,139122.0,20.8114
PPAPSLRATRHSRAAAVDPTPAAPARKLPPKRAEGDIKPYS,26807.0,17.0675
KSYDELKAELGDNASIGQLVSGLTSKNEVFTATTTLVPTKL,50.0,17.0762
QRRQRRGEERKAPENQEEEEERAELNQSEEPEAGESSTGGP,-2685.0,16.4327
REEGDTAVATPYTAAVLEYRVSIHDSEDAKFNDINMANGNG,35808.0,17.244
REVSGQSLQNSKMDRKLGLFPQSLGLPHDLQPSSSSLPSPS,-18129.0,16.8253
DKGDAEDGDEYDDPFAGPADTISLASERYDKDDDGPSDGNQ,107748.0,19.2795
MDLFMRIFTIGTVTLKQGEIKDATPSDFVRATATIPIQASL,-17565.0,17.212
NLEECGLELYFIQDMEILGKVTTHELKEGGESIRVTEENKE,65197.0,18.6895
EEAATALDNDGEGTVQAESAGAVGGDSSAELTDTPRVATAG,72400.0,18.0577
MPKRGKKGAVAEDGDELRTEPEAKKSKTAAKKNDKEAAGEGP,-7397.0,16.8909
EVPTPKRPRGRPKGSKNKGAAKTRKTTTTPGRKPRGRPKKLE,123131.0,21.0012
NLQMLPESEDEESYDTESEFTEFTEDELPYDDCVFGGQRLTL,102351.0,20.322
RPQGSARPQPDPNAEFDPDLPGGGLHRCLACARYFIDSTNLK,-36719.0,16.4262
MSIVRRSNVFDPFADLWADPFDTFRSIVPAISGGSSETAAFA,-29153.0,16.2923
SERTAQAQARLQTEKQLLSWVSENANDIVTLRAQGGSDAPSD,3061.0,17.1635
HDITDDSDGGGAPVVAKPEGNAKKSTKKQEKKANIEATSDEG,-27502.0,16.3864
MASQLSAMTSVPQFHGLRTYSSPRSMATLPSLRRRRSQGIRC,31560.0,17.2184
MKYKPDLIREDEFRDEIRNPVYQERDTEPRASNASRLLPSKE,-9379.0,17.8777
KASIVKNLKDTLGIGKVKRKPSVPDSASPADDSFVDPGERLY,-41714.0,16.1189
GVTLEGPKDLPPQLESNQGARGSGSANSVGSSTTRPKSPWMP,-4943.0,16.8257
MWNSGFESYGSSSYGGAGGYTQSPGGFGSPAPSQAEKKSRAR,-12142.0,16.9043
DAENDDSLAPIDEKKVPMLKDTKNKIENEHVIWEKVYESKTK,-2939.0,17.5395
KDEDDDLVSPPNTEGNQWYDFLQNSSHLKESPLLFPYYPRKS,-49254.0,16.6105
NQARAQAALQAVNSVQSGNLALAASAAAVDAGMAMAGQSPVL,-12528.0,16.7164
TDLPAGDRLTGIPSHILNSSPSDRQINQLAQRLGPEWEPMVL,-22415.0,17.0647
GLSAQDISQPLQNSFIHTGHGDSDPRHCWGFPDRIDELYLGN,2869.0,16.9765
MQTSHSLPSAQLPLFQEAFWASNGAPLLDDVIDSPSSASIEE,28975.0,17.3494
ASGQPAGPDNKENCPVPGKPGEAVAARKLFAPQQILQCSPAN,-7055.0,16.8939
ETNKRKREQISTDNEAKMQIQEEKSPKKKRKKRSSKANKPPE,41048.0,17.5509
YNLYRRNRINDNDDDSSASDSSKSAKSLESNEEQLYWQPKPT,-33806.0,16.9904
SFLDPKGRGGSTGYDNAVALPAGGRGDEEELVKENVKNTAAS,2551.0,17.1373
PGPSSPPAAPASKRSLGEPAAGEGSAKRSQPEPGVADEDQTA,-3553.0,16.9359
DSLAGTPPPAYSPSEDGNSNNPNDGGQLLDAQMGDVAQVSYS,44577.0,17.4998
MPKRGKKGAVAEDGDELRTEPEAKKSKTAAKKNDKEAAGEGPA,37.0,16.9717
GDVPAKAEAGAEAGGGAGPGAEDEAGRGAVGDPELGDPPAAPQ,72932.0,18.2185
SPVSHRGGSAGGNVSVSGGNGNAGGVQSGVGVAGAGTAWNANC,4663.0,16.7152
EKGRDPNTVDAFNGQTDAERDAEAGDGQDGEDGDQDGKDAKEK,86183.0,19.5724
EPKQDKTSQDADFTAKTIADKQADTNQEQAKTEDAKRHDKEQV,28382.0,18.2623
MKYKPDLIREDEFRDEIRNPVYQERDTEPRASNASRLLPSKEK,-7281.0,17.7619
SKWQHQQDSCRKQLQGVNLTPCEKHIMEKIQGRGDDDDDDDDD,-33128.0,16.391
DPMTVGRIEGDCESLNFSEVSSSSKDVENGGKDKPPQPGAKTS,23782.0,17.4511
MSQSKGKKRNPGLKIPKEAFEQPQTSSTPPRDLDSKACISIGN,12394.0,17.3436
SLQRVPSYDSFDSEDYPAALPNHKPKGTFKDYVRDRADLNKDK,-29611.0,16.8215
KAGKEGKYQPLDQVVVDDTFPDCTLLLRFPELEKSLRHVTEEK,-3309.0,17.3836
MRSSILFLLKLMKIMDVQQQQEAMSSEDRFQELVDSLKPRTAH,-27503.0,17.3427
MTIDDSNRLLMDVDQFDFLDDGTAQLSNNKTDEEEQLYKRDPV,61289.0,18.7751
DSSEEKFLRRIGRFGYGYGPYQPVPEQPLYPQPYQPQYQQYTF,-72507.0,16.7046
MNRHLWKSQLCEMVQPSGGPAADQDVLGEESPLGKPAMLHLPS,-15564.0,17.0996
GPPAVMPTPSPQGEYLPDMGLGIDGVKPPHAYAGKKGKHGGPA,-29601.0,16.1166
MSDKPDMAEIEKFDKSKLKKTETQEKNPLPSKETIEQEKQAGES,20782.0,18.4741
EKEDAPRRERKPRPTTPRRKEGAERKPRAQKPVEKAPKTVKAPR,88945.0,20.2943
LRNEESEKMAKDTSDEVSLNPTSEKLNNLLEGNDSDNDLSLEDF,78231.0,20.0127
QDGVRQSRASDKQTLLPNDQLYQPLKDREDDQYSHLQGNQLRRN,-23662.0,17.8395
FIFLALLGAAVAFPVDDDDKIVGGYTCGANTVPYQVSLNSGYHF,-25658.0,17.2869
RHSIDSTKKTIEVTTVPSNAPNGAVTTYNTDPKTQNDYQSNSIR,-18374.0,17.817
HGAHDHHHDHDHDGCCGGHGHDHGHEHGGEGCCGGKGNGGCGCH,48084.0,17.708
GSSGSSGNVDSNQNKASMLQARLNDEAGGTRLLRVHHESDTEER,8055.0,17.6526
MSDNGPQSNQRSAPRITFGGPTDSTDNNQNGGRNGARPKQRRPQ,180.0,17.3864
MGFVKVVKNKAYFKRYQVKFRRRREGKTDYYARKRLVIQDKNKY,115227.0,21.135
CEPRAAKPFKILKKRSTTSVASYQVSPHTARIFKENERLIDEYK,15517.0,18.1376
DGVIVTPSEKAYEKPPEKKEGEEEEENTEEPPQGEEEESMETQE,116312.0,21.3385
KLLMIIHDRREFAKFEKEKMNAKWDTGENPIYKSAVTTVVNPKY,-7500.0,18.3911
GLGPVAQKKKQMKADGKLDKYGRVNENTPEQWKKEYVPLDNAEQ,-11424.0,17.5772
HDHIALPRPQSAATHPPTLLPSAVPETDAPVDTNLIEFETNYAT,7411.0,17.7137
TDTAEAVPKFEEMFASRFTENDKEYQEYLKRPPESPPIVEEWNS,42042.0,18.9332
KETLRPYDVKDVIEQYSAGHLDMLGRIKSLQTRVDQIVGRGPGD,-15398.0,17.6142
YADEAKITQPQIQQTQDVTQDTMFLLGSDALKSMIQNEATRPLV,-381.0,17.8398
PLPSEHRKQPCPYGKKCTYGIKCRFFHPERPSRPQRSVADELRA,37292.0,18.1106
DAKKEQLADARRDLKSAKADAKVMKDAKTKKVVESKKKAVQRLEE,54275.0,20.0772
TSEGESVMREHAYSRGRTRNNYGSTIEGLLDLPDDDDAPAEAGLV,8434.0,16.7628
LRPKLSEEQQRIIAILLDAHHKTYDPTYSDFCQFRPPVRVNDGGG,-37997.0,17.2028
MASYPCHQHASAFDQAARSRGHNNRRTALRPRRQQEATEVRPEQK,15547.0,18.0877
MAFSARFPLWLLLGVVLLASVSASFAHSGHSGGEAEDESEESRAQ,-15631.0,17.3961
GHETGRLSGAADTQALLRNDQVYQPLRDRDDAQYSHLGGNWARNK,-23324.0,17.5619
LRTDIDATCTPRRASSNQRGLNQIWNVKKQSVYLMNLRKSGTLGH,29052.0,18.0471
TCDWLPKPNMSASCKEIVDSYLPVILDIIKGEMSRPGEVCSALNL,-13760.0,17.8865
AQSEQRDRFIPSYEETQRILKEQAEAEEAARNDPDLQAAQEENMR,49086.0,19.3738
ELRNDTAGVLRRVRAGEDVTITVSGRPVAVLTPVRPRRRRWLSKT,24119.0,17.8979
MSEVASRELRNDTAGVLRRVRAGEDVTITVSGRPVAVLTPVRPRR,7817.0,17.9743
RLTRFHNQSELKDFGTEAARPQKGRKPRPRARSAKANQAELENAY,17735.0,17.9411
MEINEKLLRQIIEDVLSEMKGSDKPVSFNAPAASAAPQATPPAGD,18669.0,18.1477
SASNASGAAAPTLPAHPSTLTHPQRRIDTLNSDGYTPEPARITSP,-16203.0,16.8798
PTRTVAISDAAQLPHDYCTTPGGTLFSTTPGGTRIIYDRKFLLDR,-37911.0,17.3821
SRILVSIGESFGTSEKFQKINQMVCNSDRVLKRSAEGSNPPKPLK,13885.0,18.0074
DNMQDVMEGADDMVEGEDIEVTGEAAAAGLGQGEGEGSFQVDYTP,119502.0,21.344
FTTSPSEAVMREHAYSRARTKNNYGSTIEGLLDLPDDDAPEEAGL,-12584.0,16.6491
ASMPNENSVKEPEIRCDEKPEDLLEEPKTTSEETLEDCSEVTPAM,100197.0,20.7311
LRANLKQVKKEDTEKEKDLRDVGDWRKNIEEKSGMEGRKKMFEAG,9461.0,18.8042
DIPCKYCELKGSIVEVKTDDSPLSLVKKLKKDGLQDKFCPYYSLL,-16900.0,17.9884
LRANLKQVKKEDTEKERDLRDVGDWRKNIEEKSGMEGRKKMFESE,9525.0,18.7662
PIGAPAQRQARWDFEEENPLRDARGFEVAREAADPSQLTDEDLGL,32962.0,18.2236
EAEHGKEETNGPSNQKPVKSPDNSIKMPEEEDEAPVLDVRYASAS,36308.0,18.4651
VEVEGPDVIMKGFAEDGDEDDVLEYIGSETEHVQSTPAGGTKDSS,98910.0,19.9169
EACKSCKGPLRKGEGPLCSNCLARSGELYIKALYDVRDLEEKYSR,-3028.0,18.0088
LSPMVSEFETIEQENSYNEWLRAKVATSLADPRPAIPHDEVERRM,2803.0,18.0311
AAEVIEQHRRVILNEESWTRVMDALSNPPSPGEKLKRAAKRLQGM,-19936.0,17.6116
SGRETFSSATKRLKEARAGAAAPTPPAPELARGSAAPASGAKAKS,33461.0,18.118
LPEETMDFMVQHTSFKEMKKNPMTNYTTVPQELMDHSISPFMRKGM,-41785.0,17.3886
PSRREQKPPKKPKSPKAPGTGRGRGRPKGSGTTRPKAATSEGVQVK,110940.0,20.6691
GDADADQAWQELKTMLGNRINDGLAGKVSTKSVGEILDEELSGDRA,18325.0,17.988
SDDEPKQDKTSQDADFTAKTIADKQADTNQEQAKTEDAKRHDKEQV,43204.0,19.1144
IRAPTTMKKFEDSEKAKKPVRSMIETRGEKPKEKAKNSKKKGAKKE,88675.0,20.5181
MALSIKHPEADRLARALAARTGETLTEAVVTALRERLARETGRARV,10934.0,18.1989
MSDNGPQSNQRSAPRITFGGPTDSTDNNQNGGRNGARPKQRRPQGL,1755.0,17.4024
LSSKEVDPSTGELQSLQMPESEGPSSLDPSQEGPTGLKEAALYPHL,53012.0,19.0908
CPLNLPLQNNHTAADMYLSPVRSPKKKGSTTRVNSTANAETQATSA,-10619.0,17.5954
NKITVPASQKLRQLQKMVHDIKNNEGGIMNKIKKLKVKAPPSVPRR,79110.0,19.6468
GAYPEKSSYLLSNSSNDSASRKEKPKARASTPPPLNFSRASEHRNE,9330.0,18.0952
MASLPPGNPPPPPPPPGFEPPSQPPPPPPPGYVKKRKNKTPAQSGN,-21191.0,16.6691
EERESELSSNPAASAGASLEPPAAPAPGEDNPAGAGGAAVAGAAGG,57358.0,18.4103
VMSSIKLQTSPHQTRHILAETPTSSPTNKPNNSTTSKAPKGAPKPG,21123.0,17.9555
MAEPLKEEDGEDGSAEPPGPVKAEPAHTAASVAAKNLALLKARSFD,1141.0,17.7
GEQKDHGFEVASTSPEDESPGSNPEPDATPFQEGLRTFDQLDAISS,90714.0,19.7673
TRTNEKVELQELNDRFANYIDKVRFLEQQNKILLAELEQLKGQGKS,-5416.0,18.5595
LSQETFSDLWKLLPENNVLSPLPSQAMDDLMLSPDDIEQWFTEDPGP,64969.0,19.8606
IRAPTTMKKFEDSEKAKKPVRSMIETRGEKPKEKAKNSKKKGAKKEG,80610.0,20.5581
LTFTTRTVRQVFRLEEGVASDEEEAEGAEPGSAPGQEPEAPPPATPQ,25871.0,18.8481
NKTDTIAPTVQSVVSLSPTTIQVVYSESINNKEALDLSNYKIINSSN,-13923.0,18.3806
GGLDPVLYQLKFYVFKASDVQNLKDAAFMYFNVNETIMEVNTIDPEV,-29561.0,18.0641
VDMYIERAGDITWEKDAEVTGNSPRLDVALDESGDFSLVEEDGPPMR,74535.0,20.2766
KLLMIIHDRREFAKFEKEKMNAKWDTGENPIYKSAVTTVVNPKYEGK,-4701.0,19.3758
KLLITIHDRKEFAKFEEERARAKWDTANNPLYKEATSTFTNITYRGT,-12169.0,19.0391
MTPEQLQAWRWEREIDERNRPLSDEELDAMFPEGYKVLPPPAGYVPI,13615.0,18.8329
RAPASVLPAATPRQSLGHPPPEPGPDRVADAKGDSESEEDEDLEVPV,6424.0,18.2006
EEEEEEEEEDEDEDEDEDEAGSELGEGEEEVGLSYLMKEEIQDEEDD,170724.0,26.4035
AATMKDVALKAKVSTATVSRALMNPDKVSQATRNRVEKAAREVGYLP,28391.0,18.8307
YNSGKLEEFVQGNLERECMEEKCSFEEAREVFENTERTTEFWKQYVD,64305.0,20.4797
DKDYIDLAFSKKKADDRKEWLRQYEPGTVLDPTLKEIPISDFINKELI,-5422.0,18.9199
AKESLDLRAHLKQVKKEDTEKENREVGDWRKNIDALSGMEGRKKKFES,14764.0,19.2864
MTCWLRGVTATFGRPAEWPGYLSHLCGRSAAMDLGPMRKSYRGDREAF,-16223.0,18.3178
NDEEASADNETVMSVIDGDKPDHDDDTHPDDEPPQPPRGGRPALRVVK,2318.0,17.7953
PKGYGYGQGAGTLNMDRGERLGIKPESSPSPHRPTTNPNTSKFAQKFG,13377.0,18.4819
DNNKTEKEILDAFDKMCSKLPKSLSEECQEVVDTYGSSILSILLEEVS,43454.0,19.1242
RRRHRKHSPQHTTTLSLSTLATPKRSGNNNGSEPSDIIIPLRTADSVF,-28285.0,17.8553
HQNVQLPREGQEDQGLTKDYGNSPLHRFKKPGSKNFQNIFPPSATLHL,-24751.0,18.0137
KDVTDSLTNVDLASSGSSSTGSSAAAVASKQRRRSSYAFNNGNGATNL,-10133.0,17.5308
WKLLITIHDRKEFAKFEEERARAKWDTANNPLYKEATSTFTNITYRGT,-10476.0,18.9995
MKEKIKERIPGMGRKDEQKQTSATSTPGQGQQQKGMMEKIKEKLPGAH,45253.0,19.737
EERESELSSNPAASAGASLEPPAAPAPGEDNPAGAGGAAVAGAAGGAR,44109.0,18.792
SSPAPEFLASSPPDNKSPDEATAADQESEDDLSASRTSLERQAPHRGN,37237.0,18.8095
CLQYPSLSPAQPSSDEEEGERQSPPLEVSDGEADGLEPGPGLLPGETG,92292.0,20.3565
VKKVQEQPKRDVKPVESRPASPFENTAPARLTSSTATAATSKPVTSVAS,14009.0,19.0162
YLDSGLGAPVPYPDPLEPKREVCELNPNCDELADHIGFQEAYQRFYGPV,28446.0,19.3176
HSSSLDAREVIPMAAVKQALREAGDEFELRYRRAFSDLTSQLHITPGTA,-19688.0,18.5417
MKKLVTATTLTAGIGAAIVGLDHGNEADAAEQTQPTNQSTTQSTSGSSA,-8345.0,18.5293
GPKGYGYGMGAGTLSTDKGESLGIKYEEGQSHRPTNPNASRMAQKVGGS,4184.0,18.4315
TYLGQLRTQLTGLQDDINEFLTGRMELAKNKKKAGADEKRIQEEINQLL,-29215.0,18.6585
GREEVLEQWVSGRKKLEELERDLRKVKKKIKKLEDEHPWLGNIKGILGK,-21233.0,18.5982
GINLTPEEKFEVFGDFDPDQYEEEVRERWGNTDAYRQSKEKTASYTKED,36905.0,19.7486
LDKDDSKAGMEEDHTYEGLDIDQTATYEDIVTLRTGEVKWSVGEHPGQE,85498.0,20.8251
EIPTYGTDEWEQWWNAFNEENLFCSEEMPSSDDEATADSQHSTPPKKKR,5379.0,18.3944
EILERESEKESSNDENKDDDLEVLSEELFEDVPTKSQISKEAEDNDSRK,103662.0,22.2963
MAQEQTKRGGGGGDDDDIAGSTAAGQERREKLTEETDDLLDEIDDVLEE,88376.0,20.8834
MELWGAYLLLCLFSLLTQVTTEPPTQKPKKIVNAKKDVVNTKMFEELKS,-30407.0,18.767
LSSRHQFAPGATVLYKGDKMVLNLDRSRVPTECIEKIEAILKELEKPAP,-9980.0,19.0865
MSNVRVSNGSPSLERMDARQAEHPKPSACRNLFGPVDHEELTRDLEKHCR,-10617.0,19.4844
MCKGLAGLPASCLRSAKDMKHRLGFLLQKSDSCEHSSSHSKKDKVVTCQR,34562.0,19.3099
MAEEQARHVKNGLECIRALKAEPIGSLAIEEAMAAWSEISDNPGQERATC,23936.0,19.6285
MAQWDDFPDQQEDTDSCTESVKFDARSVTALLPPHPKNGPTLQERMKSYK,-57410.0,18.2447
TDFIDEEVLMSLVIEMGLDRIKELPELWLGQNEFDFMTDFVCKQQPSRVS,24720.0,19.9297
MMLTKSVVISRPAVRPVSTRRAVVVRASGQPAVDLNKKVQDAVKEAEDAC,1130.0,19.1739
EENRTEAPEETEPERETPSAINGNPSWHLADSPAVNGATGHSSSLDAREV,66320.0,20.3776
MEAENAGSYSLQQAQAFYTFPFQQLMAEAPNMAVVNEQQMPEEVPAPAPA,32350.0,19.2477
HSSRPSQNIAAGLESPDQQAGAQILGQCGTGGSDEPSEPSRAEDPGPGPW,37762.0,19.7396
AAPEKKESKPRKPKAAQVSEEASTPQGFNTLKDKLEEWIEMSNRKDLIKK,4380.0,19.2627
VGAANNQNPAAEDKGATTPASKEEAKKSEAAAKNAGKAAGKALPKTSAVK,35269.0,19.4277
SGVNKSDKKVTPTEEKEQEAVSKSTSPAANSADTPNETGKRPLEEEKPPK,30193.0,20.1312
QLPQGTTLPKGFYAEGSRGGSQASSRSSSRSRGNSRNSTPGSSRGNSPAR,52801.0,19.6615
ILFKDNEKSCQNKESNKDDTKEAKESKENKEVSSPDDLELELENLEINDD,73492.0,21.696
KKRKKRKYRHIFRNTVINQDFCDDYDYEDDEDEIE,-172500.0,11.5159
KKYRKHKARHKFHRLYNTYMNYYWAYIMLDDEDSDDDDE,-280700.0,12.3559
DDDPEMTDVFDDYDDSFEFGANVWSPNHKWMRIYKKRKPRLRRK,-348441.0,13.0408
WDDDDDWDDFDVDDMHDAGIWVRGKWWSYKRRKRKKRKI,-355323.0,11.9339
KRRPRRKFRTCKARPKHNCIILFDYPDSWDLQEFEEWDDDEE,-297148.0,12.7364
RMTKRKRRRKRWQNPLLMFIWGQCDHEDHIYDDEYEDDDDMVI,-254613.0,12.5813
EDDEEQDVTECDDLPTWLVNPIYPIGTCRIIRRKWPRRRKRM,-286708.0,12.7285
EEDYEIFDDENLELDHFWHMQQIMPPNCWGIWLLRKRKRKKK,-283466.0,12.8389
PKPKRRKKTKPRVRACHCHWWLFHPWHHGCHYEEDDWDEDDD,-352851.0,12.5561
EEDWDWEDEYDLELFVDDWCSLVGIKTRNIMRFKQKGNRRRRRR,-318810.0,13.0084
KPKWRRRIRIRSKRLPLFGCCWYCNLEDLQPLPEDFDEHEDDE,-266341.0,12.9822
DDEEADDWVIDEWWFHGDYDPHSNVYVIWIYLRQPRRKKRKYKRK,-460774.0,12.9821
EEDEEDDEDINDTPDLWWFHIMPYYKPGFPWMETNMSIFRRRPKRHKKKR,-343700.0,13.8926
MEDEFEDDDDIEHWDISTEWIWIGVHTYRPPQHYWCLARPKRRRSRWRRT,-351907.0,13.9121
KNKKPKRMFRFKRRKIWYGSWFWSIFGFQEDDTDELDDDEDDY,-411085.0,12.7417
DELDEEDTEDDDDSSPPILIFYTNKSYMVACHKIHWWQKFRKKYRWCRKR,-443505.0,13.8206
DDDDEHDIDDMDDCMPWCNLLWVAHHTMNKHYCRQRHYWRCKRPKVCRWK,-500518.0,13.9066
TKKRKKKYNRKMSFCFKYWENNPALWFWWSEIIDYEEDDEDD,-283145.0,12.8147
KNFRMKKRPWRKKRPYRKSSMCYLCCEWEDDEWENDVLDDED,-359083.0,12.828
KKKHRIHRKKFKYYQRRPISNAGLFICDCVLHYEDDEDCDEED,-267305.0,12.8397
RRKRARQGWKRYLPKMVYGNYTPMYTIHNCQEHPDEDEDDNAEDDDY,-286120.0,13.6899
EDDDDLEDVDCDEDETWIPWLHYIPYQATLHRMCQTCSTRKKKKARPKFR,-238752.0,13.9758
DEDYEYDVIWQEVWPTDEGDEWMQYMIHNNWIGIKMSWWRGGKWKRKKRR,-455174.0,13.8547
EIEDDDEVDEDDHYPASQWSTWLDLMILRPQPIKIKKKWNKRKRLKWRLK,-354999.0,13.9961
DYNCDDLHEDDEDDDDLDCHASNPCPALHQHPFLRRHRWRNAKRFWRCRK,-371057.0,13.8261
DDEEVVDDDEFWHYDVDEDMPHTVHWYVRSVYCTCVPKNLKRKPKRQRRR,-418068.0,13.8088
PFEFFPEWWMDHGEDDFEDDCCYWDLMLVMRHWYCCWYKRKTIKRKKKKK,-446632.0,14.3358
EYDDAEDDDEEFVWDFTFDWEWRGIYHYSQRGWQHLPSWKYLRAKRRRRK,-352418.0,13.9118
GDEDEESCDWDLEYMYEDSYVLFTYLFHIHQIGELRRMLKKWKRVKKRKR,-390208.0,13.9204
EEEEDWMPDIDGYCFLYGHSELVESFWMTGVVFMHRFNKARRKRKCKRKW,-295317.0,14.0131
EHDDDEEEQFSDHDLTHPEFDEGFMFTSCRCKNWMWSKRRRRLKRCRYRN,-314016.0,13.8257
IEDIIDDDLDDWEDDEWWVWNANIFMFLQTAIVPLRKMWMFKRRKYMKRR,-504775.0,13.8517
EDDEPDDCEYEYFDQLEDFMADINYQTLFAKYLWMCSHKRMVKRKRRKKH,-332768.0,13.8792
SEDECWDWVHDDDANWEDLQHTIFNIFIPTHKIFFHLHRHKTRRKRRRRR,-440014.0,13.8268
WEEDVDDDDDDNEETEMNMEMGYTWACIMPKVAHRPFRKRMQVKWRRRFR,-343293.0,13.8404
DCENYDDDDLDDDDETFLEHAVFWNWSQLFWVRVKQIYKHCRAKWKKRLR,-379232.0,13.9692
KKKKRKKRKFWSIHNKVWHWSHIYGFQFICIWPLIGDCLEDDWEDHDDD,-448545.0,13.7015
WDEDQDDDDDDWDENSDLPIHLVWIHAWMKVPKTKMMQRSRQRRFHNTRK,-345113.0,13.9095
EWDEDEEIDDVNFTHFGMPWDDEVCHFYHHLTMRKRTGYGVRQRKKRRRR,-442618.0,13.7301
DDDYDDNNLFDPEDDFMTESGDDIMFHGYNGHHKPRIRIKRRKKRRKKPV,-442489.0,13.4951
DSDEIDDALWDDDEYGVQVNDMWPNLWQHPLPLHKYKWNNRRKRKVKKRK,-398461.0,13.8025
EEDEDEDLEPNDDDDHYLVAGYFYLMYYTNIWISIYWLMTHRPRKRKRRR,-337709.0,13.7545
GEDDDDDEEWEEYIWTWWIMCQFVVLQGFPAQALKRVRKKPRKRRHIGKF,-349077.0,13.8903
DFFDWDDDDDDDDYQDWDNGHIHDPFQKHHKNWQWRSGRRRTRRLFRFQR,-388434.0,13.9071
EDWGFPDDGMEQAEDDDELLSSVWQFWLVNMYPWGRHANKAKRRRRRRKY,-299702.0,13.865
DDEETDDEWDWSDDDLGLSFIWHWYTYFAWYGYYFWRPASLQRRRKRLKR,-520167.0,13.6122
LHDDDEDDDMPWDDDTHGYFSVFYAPHHHAANYPQSRRPKRWKCRLKYRR,-430935.0,13.605
EEHDEGLWDDYDDDDTYYPDCYMMHGWPGMFNLTKKLMKRFKRNKGKWYK,-335614.0,14.094
DEDEDHEEEHVDILDIMLLWHMPWYLYQNLMSRPHPPKYKRKKRWRLPGR,-371805.0,14.0323
DEDEDEDADIDESDFVISIVHPHFWTLAAHNWIRKKSWRVRWRKKRLVVG,-398190.0,13.6124
LDDQDEDDTDPWDLDSMLEICSLSHHMPFWVWKMGRWRKKFRKRKKLWS,-422902.0,13.6929
DDDQDEMMDSHETAPPLDDLHDDPLHCFTACVRVHWGRKKRITRRRKRGK,-371501.0,13.6732
DEEEDDEEYDYTDWDIYLWATCWCYNFQHLIVQKKIKFHKWLKTRSFKRR,-492688.0,13.976
IEDEDTEDDECECDAIQEAHINGWLMYVIFPWRKQRHKRIKKIRKK,-296626.0,13.4187
DHDDPEDEDEADDVECFLAFPHWTLMLWWFFSSNPMYSYKFRCLRKRRRK,-342938.0,13.9357
WDDDHDENEEDDQDMQIWLDWHHLMPWPWYCSVFCRSCRKKRKKKIRRST,-387769.0,13.8668
EEEDDDETDDQDHYEHFMSMQWDLGIVPSMFWKWVIRLRRGHLRKRRKTR,-343660.0,13.8821
EDGEWEIGDAEYLDDEPFDLCCLFGFSAHFMLKKQIRHRRKRRYRHK,-315036.0,13.4256
DYWAPDEHDDDETDEEWISHGDPWPPPLVPANHWKKHKTHMQRRKRRK,-284720.0,13.629
FEECDEDMEEHMDDDTFEFLYVDHYPYYYLRKKARFWRTVRRWKTKYYRK,-680642.0,14.0097
DADMDDDEDYVMDMEAADPWDYNWAYVNWIKKMKRKRPRVPLINWRKKWK,-476515.0,13.7428
DEDDEELEEWEMGPPMDHLHYYIWLRNRKKKRRKR,-213032.0,11.6478
EYEDEDDDEDDGCLHGWMIYSTVPCYYTACWFFKQKWLRVTRRFMRKYKR,-449257.0,13.7447
DDEVDDMDEDIWDLEPWDIFIGIPFMWTPHHSFLNLRKFRYRGRWFKRWK,-495181.0,13.8707
LMRHRPMRKRGVKRRLFGWLPTDDDDDDDEDE,-164622.0,11.2424
EDDELDEDDDDMWYFIFQDYIWTKCRRKRRLKKRK,-279889.0,11.5684
DDDEDEFYEYFTSDLVYEYSWNKIAGHRFLFRRSKRRRR,-228490.0,12.3872
DELVEGEPDEDEWDIWYFYDLWWWNMIVTFYPMPNKQKKMRVKKKPRRYR,-500763.0,14.0146
EQDIYDGETDDEDEDVYDGTPIMHNLSWHLWPMLKKWKRPFRNKHKKRKS,-340517.0,13.8484
RKVKFKKTRRWKRRWNIFLQASCVLEVWPVPFHEEDEFPDEDQDE,-307689.0,13.2562
DEDEDEVEDDCHPDMPWVWTHWIHLYKRNKKLIKHRRKQNKT,-321520.0,12.9375
IHDDETDDDYDEDMFEWPPTHPCGTHGYRRRYKKRKRRPVR,-273037.0,12.4355
DLDEEQWDDWEEPELVIAFLEDWNQTWCCNYYWASGHRWYRRRKRRRTRY,-393066.0,13.6882
EDDEDHIDETHHDDPDRCDIWVYTFWIIMYHMSCFRQSKVWRKRRKAKR,-376983.0,13.7217
DQIEMEDDDFEDEEIWILGEPHAWYFQHPVYYTIRWWKRYYNKRRKWRNK,-478562.0,13.9517
RRKMKWKKKKLAKWRCCNMYGQEWNPCEEDPAWVDDDDDYDLD,-317022.0,12.8683
GTDPDEDHELDEDDQIDYECHDMLLYMYRMKWPFGPCYRVTHIKRRKKRR,-340957.0,13.8741
DDLEEDDHEEPYDWFYLEMVPDGHNLHIWVWMYHFFRPKLKRYMRRGRRK,-500669.0,13.9548
RRYRKNWKKARWRRFYKNVITAWNSHYQFEAYHHGYVDIEDDDANDEDE,-404468.0,13.824
RKLRRRKRLPRSFYRWFVYLHHVNMIWNFFEDDDDVESDDEDETD,-346215.0,13.0155
RVRKRFRRCKRFVGKKYKTHWGVIDGYYSGQHDEDDDDEVMDWFDPYD,-303697.0,13.6448
DEEDDDDDEWWHDFCSAFHNPMHMSWQMHLPMRGVCKRRHKPRRR,-275763.0,13.1062
HEVDDEDDPDDHNWPTDHPMDTANLLQHYSITCTFHPYWKKRKRKYKRFK,-307748.0,13.6996
VDVEDDSDCEEDEETDFIFAESYADMAMFPQNMAVKIIRRRKRMRKNKYK,-200590.0,13.8757
TDDEHHTDPEDIDEDDDMGENFHHWMNWLYRLKRKWRCKKHHRYKIKRVK,-522762.0,13.9551
DDFCDIEAEDEQEDDDHIYPDYQVHYPIWKMGPHIHKPNKRRKKRWRKVR,-339136.0,13.83
DEDFQDELDDIDFFDEEPDYFYQPLHLMKLNKKLRRFGRRPRLIYIWKKK,-603220.0,14.0284
EDEDEFDDDDYDYWLDYHVSMFYYDVTTSRHCWRYGFKKKRFAYWKKRAK,-512910.0,13.6148
TKKRRKMSHRKAWRRTLCFLFHEGQYLHLTHATHDDDYEEDDDD,-290363.0,12.9023
EDDLDDWEDECGDDAWVHHHWISPGVAMLWLYKVKMRKCPHRWKRKKKRQ,-456395.0,13.6302
KKKRKRSRRWKRKFFLATAHVEWVIAVGEFHLVDWPEDDEDWEL,-268394.0,12.8027
KKRQKLYRKRKTRFWTLSPTFVMPELLFSDLHWAFDHDDDFSEEDIDIVD,-348470.0,13.9031
RGKRRKVRRKYITMRRIYGFIHYCHTHWDDDIHDGHEDEDDD,-388595.0,12.5921
EEDDLQDIEDDGVIDWLWHIHPFPIWLNGQPHMYPHNKFRKPRRPKIKKK,-422602.0,13.9167
MDYLDDDIDDLDELEDWVFQFYLMNYAWGMWSWQKCRRKGTNKPRRPRRV,-452801.0,14.0215
DDGELDSYEDDQFDDDWWHHVEPLWAYYIWPKKYGYIKKRNRKMKRKK,-481029.0,13.5118
MEWDEEHDINHHHHHFWWYHHWRFHNFWHWRWNARYRRFSQRFNRHKRMN,-621840.0,15.0826
KGGKKRRKGPSKKKPKVSSLPTGSDDDDDEDE,-79117.0,10.6067
FLDEDEDWENVEYTLDDEHWTEWCDLEYQDMERYCRKWRTKRRRWRRDHE,-136163.0,14.1902
RPKQKCRKGMYRPTNMFPKGPGKDEDDDDDED,-117936.0,11.1094
DEDDPVDLILDPHWWERNHSYRFRRPRSYFQPKLRARKVRKRRRNRYKCK,-71218.0,14.9696
WVWIPHQRYDDHHHMNFAVEHHHEFHYHHQHHHHRFLHMHKDRRRH,-162571.0,16.9324
KKKQRKKTKYKRKYKEEEPSDQGEPEDGDEDE,-175006.0,11.225
EMDEYEETDREMFWRWWYDCVRKWYWPLIHRRRRNMKKCWKRPRFF,-273987.0,14.4183
DWETWEFYPEDFYHVYWWFDSQMHHHVIRRWRFLRRAKRRCKKRPLKKRR,-377160.0,14.7251
KGKALAKYKKQKKKIKFICATGDTDDPDDEDE,-104002.0,11.406
KRSGACKVKGKVRRAACKKYYAAEDDDDDEDE,-119282.0,11.1936
DVMPQSFKHFWWKRRRRHRHFRHAHRIKWRHEWEDWWYHEED,-288877.0,14.4984
KKRKARRRPLKSKLGCISEGNGPEDDDDEGTD,-95356.0,10.8554
EWDEWQHHDEQLHHHHERWEYQIEFYRTRKWQRCNHHHKHRRHWKNHCRS,-310757.0,15.4302
FKRHRRRWPRKRRRHMPYHKKTHKHLYKEHMRWMVYENFHDDDDEDH,-133035.0,13.8715
HGCDHHHKVVEHHVHIHHHHHCIWNHRHHHSNHEHHTYHHEYFYAYHHHK,-138766.0,18.0065
HHWKDHEHFHHTDHYCWHYEHHPHYLHHYHYGARCHWTDSVKHWYKWKYY,-274860.0,17.382
EQEWLEMYHEELQWDREEYRRCHICDTYGHKKKNRKDRRVRHRKRKKNRK,-171194.0,15.2453
KTKKKKPNVKGVQRAYDCCLPTDPDDPDDEDE,-92687.0,11.2467
EDIDEEDDDDYDYWDDYHSFMFYADEETSCHKWRYGYKSKRKAQWKEYTK,-95803.0,14.3345
KKRKKAARKCNLKQGSTPASQEEEDDCDGEDE,-100796.0,11.027
HFHGTHHVYWVHFHAEEWPHEHKWCHWNHWQAKMWKHNHKHHWHHHWW,-247025.0,16.8603
AWHWHWHRSFRFEHMYHDYMHYHETDISLWHHVYDFKEHHHRNHHWKKRD,-205064.0,17.6595
DDWFDEVTEWPWDWRWEEPYQTRWVNKDWTYHKHRKKRWHDRKYRRRKFQ,-446306.0,14.7606
MDHTFWHFWWFWHWCWYDFMWWLYNWMEVWWWRRHRWQWVWRYYPGNFWF,-1644488.0,15.8317
KRAARKGRKKGLRCMERVSGNDGSDFDDDEEE,-97607.0,11.1661
DVEHHEDDEDWCKNMRHHHEDQKQEHDKKRVKKYHRHKRYMKLKKKKK,-161154.0,13.9633
HWWWNDWRDWWYHDVYFYIYNWKIWYSHYFWYYRWRNRWIKPWDRKYMPE,-750977.0,16.6465
EEEDFFWDYEYPWHDQPMMRYWRRYCSRRQTRRNSRNNKRRKKRDSKKRR,-156633.0,14.9048
DERHRPMYEDEQHYDDWWLIVEYRWCYWIWEKIYGTIKKRRRDMKRKK,-313814.0,14.882
EEDLNDLKIPWEYMEHINFEMFNVHTIQHRRRWRRKYKKKRKKRRLFWPW,-253281.0,15.162
MDEYEELWDLWLSIFIDKDMEIWKHHMKRWRYHRRRKKRRSFTMKRWRRH,-222368.0,15.2021
DDEEIEEEWRWPYWMYSHLFHKRAVMKKPHRKHWRRLKRRPRRFWYKRYK,-84427.0,15.1753
PKAGKKKKTRMKKVSNKGMGQVGDEDDDDEDE,-86541.0,10.8259
EPFYMFYWDMYYYPDTYFYWHMWIMWCLFDVYYMHQWQITWFWKRKRKYK,-881954.0,15.5426
RWWWVIWHRYNWWRLDWYWSWPYHWYSWYHYWYDVWMPWIYYWDHFWCIS,-1818438.0,15.4969
FYLHHIDHDVHETTHWRGHHHWHKHCMHHLHHRDSKHKHHMKYFNWHHHR,-149179.0,18.2452
HRFHWETEVQNWYWNPHEHEHHHWCWTHMHYHWHNHHHKIFMRKLKRHRR,-356972.0,16.3416
KKKRGRRGAKCKMPREVGIISSVDEDDSDEDE,-111281.0,11.0857
HHEHHMFMRMCHFHHYHNKHWHHYHPGTIQHDHHHHHHKEHRYWFHAYPF,-212117.0,17.4984
AKNRAKKKKRGACRCVSGTGYYGAPDDDEEDE,-93388.0,11.0256
EFYDHWYDYFDFRWLCLDNLYFEYRWHHHHRYWCNRWWKFYYRYVYKRFK,-622245.0,15.655
DFNEEGEEWIYHREKDEWRETWMNFKFQEKSMQHHRRVNRWKKKCERKKR,-188526.0,15.4887
FDERDEDMEIPDDDDWFEYDKEDPYYWEYIYDEYHFVWNRKKLRRIQPRK,-159571.0,14.8072
EHWEHYYHFHVIIENDREYYWYYMEYEKWMRREWRHDRFWHYRWWHKHRF,-336596.0,16.8665
PDDYWDYSWDDQFESYDWHHHILWYRYRMRRCKYPYCKWRNRRPRRKR,-536498.0,13.7756
HHHYDHEANFYNHHTDHRVLHDHDFKHQDRRHHWRYHRHHTHCVHHQYSM,-151685.0,17.692
SDEYFLEEEMLNEFYVESPFWMRDRFYHRKEKRKRSRRHKRNRHKRHRRK,-140350.0,15.0054
NEEAEEEEETEPAPDTVDTGNAMSLVGRKKKRKRK,-68896.0,11.5242
EHEWQEHMHHQCWYWTWYIHHHQHAPEDYWLVFHRRHEYWMRKRRK,-326024.0,15.5372
EWWWWYWWPMHYWWWYWTLLWHHSYWHWIHYFWYKHYFYYSWQWKHHHFR,-3084689.0,15.4971
YRRKWRYHIQWHFYWIHMWIMYYLQWHYHNRWWHWPHYYNHYIWFDY,-909562.0,16.0574
DSYWLAFWYWWCMPWYWPQFWRMHRWYWWKKWYWHLNLYYYNWSFGSWWD,-1165834.0,15.8641
DEESWYWMWEIGEWNWVVFYHWRQVMRRFWMWRYKMWYYQKWRKRTHSYK,-504836.0,15.7234
EEILIDHDYPECFWEHDWRKWRWWRRHRWDYYFWKFRWFYWYHHVTKHQK,-565068.0,15.9115
LMWTHHWDWHRPEVRHHHTHDHRYHKHRPHHKHHHEHQYHFPDHHHIQHM,-171202.0,17.9938
WFEWREVMELWWDDHTFMWWDMFWYWYIRKWKVYWFTRLKRKWKKRYKRK,-599636.0,14.9931
FFMYHYYFWWWWYCYHYCYVHYFHPWWFHCSPRWHWWHHHMWYWWHPCCH,-2625537.0,15.333
EWMWWKVWYYTDWWRWWRDFRCWWLRWWFRRHPYYLWWWYWYIWHWWHDR,-1486605.0,16.0678
WYLLMNFVDWYYYWYYWMYIYHEYWYWPYWYWFPEFWCWRYYRWRWN,-1968567.0,15.4865
HWHFLQHRHHIYQWWAHIHHHHALRHWHDEHEHKYYGTHKHHVFHHHHFV,-250062.0,17.9115
KARKKRRARSCHKGANTEGPNDDADETCDEDD,-101079.0,10.9286
EPEDPSEDEDWIVWSRHHKIHQMYLWYKRNFKRRAQFRWRRTRRRKKNFY,-156891.0,14.4839
EEDDEADPEHDMDEDTESEEPYMWPFWIRRNDYWWAHYMTDRRKRDKRRM,-229625.0,14.7966
ETHDNEYILDHWYDGRYLQIYIRHHWMYCDWWIRWKKHRKHRRKWKKKRQ,-359625.0,14.8916
NHNRCCRRHRHHKDHRHQDHHMHYMHQFHHHFHHYSHWMHSEDFHAHHHH,-197527.0,17.2437
RPKARKKRPGFDKRSPGGAGPTVDDYEDDEDE,-110207.0,10.9068
DYDEDEEDQDDEDDSEDAVDDSHMPAQLHSHRHLRHCRRKFIFIHWGWRK,-172551.0,14.3598
KRKRRKKSVTSFSGPADHECDVPDYDLEDADE,-105416.0,10.9213
ENEHEFDDHHLHHFRCWFWMVLLCCNYRFMHHGHWWRKKIKKRMHHKRKQ,-293603.0,15.0605
WHEEYENDDDYWDLKNCRDSRCKSFLKLKWKKRKFRFRKKWIIRKRAKWE,-56325.0,15.2083
DEDTEEDGACESAEVSEQPGKGTRKVHKKKARKKR,-122362.0,11.7779
DEDDFEALHEYPVEDEEMDDKDMYDEIHCFAPDWKEYKNKIRYWRKKCKK,-159338.0,14.6928
NQHPMWDVHHQKYHNHHGYPHEYWHMHWYHWHWHWQWHPKHHWQWHWRAR,-524681.0,16.602
DHYQVHHHKQYHRHHHTYHVHLHFWWHDYPRWHCHHWHTMYWEHRIHTVH,-366487.0,17.1674
DELEDDECDDSQLTPRRRLFFYKRTNFIYLKWGHRIKRKRRRRKKLKK,-11107.0,13.9217
HHLKHHSHITLHHCYTNHRHYYIEHMHHHMYYFHNFDHEHHAHNSRHYHH,-201251.0,17.4093
YEDDDFERDEDKWYGTFEFLWKHMRQYYKCREKARIWKYVRRWKLKMRRT,-232613.0,15.0289
HWEHHSHQDRHHHHHCYRMDHHHLHQWHAIHYDCHHWHHHYKAPKIHWMK,-191049.0,17.6079
DQHYHYDYSWHWNMYEHYHEHHHIQTHLWSHKHHEKHRHRFVWWRRRYRS,-354875.0,16.025
EFMENQYDWTWEYEHMYWEDWWRPKRFCYYREPCMRHRYWRWRRKKRRYN,-498884.0,14.5767
HIEYEEEWPMHWIEVWTTIHYYCERWVHRMRYKRKWKKRMKHRRIRRRWR,-184800.0,15.3513
KRRGKQAQKYKTAPKGPGYIDDTSDDDQDDDE,-140612.0,11.2221
LPKAKRTRRKRKTAASPCTVDDDADCEGDEDE,-105323.0,10.9843
HWMHDWDEDENYNEEETHDEEEWSYDTDAMYYEHMYRRGYRRDQHKRRIK,-166342.0,15.4027
TKRGRTRRKTGALGRTGYACYNDDDDDVDEDE,-108983.0,10.9451
EYSDEEDEEDRYDPKQRSQLKYRRYRKTWYWMYHTLRKHRKANRRRKQKS,-123805.0,14.0614
HEWDDEDWTQHHHHHAHEHHHHRTIEWQTDHDVLRHHHKQHMSRKLHRHR,-242639.0,15.8737
WHWYYVMDIHWDFCHWWWYFYEHHILPHKRWWHFWFMRMCLWHQFFWFHR,-968197.0,16.3909
LNYEYIYYWYFFWYVVYYDWWHWWDMWKWWNWHWNVKSWGWPRHHWYHHY,-1385042.0,15.8958
PHHWHWHWHQFHWHHTEDNKMWHWANQDIHTEHHHHWHWKFRRWHHWVRY,-440398.0,16.6887
KHLHVQHPKHHHHRHHYHRYIHLHIHFHHMVHDELHNHITCEHHNHHRVH,-164583.0,17.7986
EEPHHYHYHWWLDHMWHWFAHNEWWKWEAHHYRHRQHDRRKHTWKWKRWI,-430358.0,16.6256
EQDYDEMEWELDWDFYHWCMCKMFKRNRRRHRKRRRWKNHKRPKWLRHKR,-160515.0,15.2614
EEEFFEEDIYYNNDLKYEGRQYLRMKLKWRTQRIKRKKQRRKRAWK,-74526.0,14.2339
TPSYCWVSSWWMFCQNYLHYDHWDHWYWFYRWWYQWWHRKKYFWWWWPWY,-1650298.0,15.4524
HNFGWGWPYPMPHAWFVWIWWFGPMFGWWPASWGWHIFFPGPYSWHFSMW,-550522.0,16.1248
WPWWFHWWRRHWWYWYWWFFT,-167247.0,11.2356
GCYAPYWAYWFHVFWPFFPLWLWWYPYFPWCMWIWP,-479863.0,13.9417
LAHHSKWRWHWCRRWWHWLMIVRMRWWYHNRRIKMNYWWWCYQSWFCYYW,-94151.0,18.4394
VWWYMYHWFFWMWNFWYWFFW,-181312.0,11.2611
IVPPWFVHYVAIIIWMWRWPWLRIAWYFWCVAWIWHHYWKAWCKWMLWNP,-464521.0,16.8527
FWMIWWTTVHHHVTVVWHHPTHWLHGSWPQHTCWHGCHWWYYHTVMHPFH,-444400.0,16.7618
IFNWYNWWRWRFLHYQLWVYRWWIYQYWYYRWLR,-157919.0,14.8407
PSPPYLLWWPLWPPPWVAWPWLYLYHW,-143129.0,12.5113
HWMWWWCWWDRMRWWWDWWYW,-158031.0,11.5268
AWILIYIIYFCHLVHPWLSGHWWWWHHWAFCIHPCPPVFLLFFPHSTPHV,-526772.0,16.2606
DWWDYPMTWDWTMWFYSWWCVWFEYWEWWNWYCFWSLWLFFSIFWVHWW,-549297.0,16.8467
WHHWYTWDWLWMYWWWWWFWD,-144065.0,11.359
PTWACWPYPWWWFGLWAHVCHPYYWYIWFYLGGPYSPV,-337600.0,14.3461
WFWFWPFPWPYPYWPWPWYPP,-123499.0,10.9435
KMWRWYYRWWWYFYWWHRWFYRHWNC,-70375.0,13.2653
GPWPCPRWVFWPPWWPPRYWWIWWLYYLWWYFR,-334381.0,13.7051
PACYVFPPYHMFHWYWYYSWWYLFWWYQYCGYYPLSTWLWYLFSFTWAAL,-1139135.0,15.7651
SWYYWRWWWIYAYPWWWWWWYPWYH,-437711.0,11.879
YLWEDYDEDIGFEPNDRKKKHKTINIKPCRKKLKFLEKFDWMRDMNHD,-164504.0,16.5484
WIWNWGCLVIFWWPWPWWWFWYCWYWPVWIYWWY,-859690.0,13.5653
WYWWWWHWFWLRRWWIEWWKW,-145113.0,11.8155
KYYNWYLRWVYRVMYVLRPCFRPWFWPWRLHYWWTYWRYWTWWMW,-219057.0,16.9012
PPPWYPWWFMWWYFPPPPPPW,-100246.0,11.0631
WGWPIPWWWLWWWWWWAWWAW,-221107.0,11.2221
IWFDWWIMLFFILIDDWWLPWPWPHMMINGWWVWWWPHPFWMGWLYCPGC,-623897.0,16.0588
WWDWYYDWWPWIYFPPDWDYVIWWYWSWYYIFPW,-237982.0,14.158
GILFSWSWWWPFPPMYPTPFNLGVCWWWWNWLGFLPWAPWPNGA,-387485.0,15.3372
DFDELKEDEWFDTCCSHEGGNFNFDCKRDGKYTPFRKKCKPNRTKKRE,-173163.0,15.0919
WWWIWWFHWHWWWFDFRWWWW,-243274.0,11.2368
HWHHACMYLMWSLFLFPWWPLPCPMPLLIYNWWHWHYWHHFLNALWHHIH,-796725.0,16.1629
PFWWWWLAWPWWWWWPPWWRR,-184622.0,11.0097
PNWFPPNLLPTSPLWPLCVPLLFFAWVPNFIWYMTVHWLYPPVSWLPHVC,-346574.0,16.9279
YYPPYLYLYWPYLWYLPHYYYVFWYPWPLG,-282419.0,12.9327
WYNHWWWWWWPDPWCWWFWWWYWWDLCYW,-562702.0,12.7676
WWWWWKHWYHWWWHHYFRWHR,-112317.0,11.7423
PWFPMYAIWWYWGPPIWIYPWIPYNNPHPLFWPPFWFPFYWA,-568253.0,14.9235
YYYYWYYYMYLWYYYWSWYYY,-191692.0,11.3007
WWMYRYWWWWRYWHWFWPYFWWWRW,-301510.0,12.6123
YFMWGPWWWWFPGIGFWWWIWWYDWPWGPDMVDYHWYYVAWPWI,-671807.0,15.6051
FIWWPGGAPWFWWWFWWWWAGPPWGWLFF,-313750.0,12.552
WWWWEEWFWWLYFQQWWWWWW,-141498.0,11.422
DFFWFFWWWWWWWFWPWWWWP,-361309.0,11.0438
LYLYWYFPYPYWWYPIYYYYY,-134764.0,11.2146
APYPWWWPATWPVAAFWWWSPRYWYGWWRWWHLPIWY,-417077.0,14.0407
GFWPYGPIWWWWWCIWIIWYLFGFWMWHWANIMHCGWWWWYPMCT,-1161811.0,15.08
IPWWWWFWWWWWATWWWWYMWWSWWVA,-739576.0,12.0174
PVTWWLWGWGPYIFPWMPPWLYWPVGCPYWWG,-207991.0,13.3505
QQWWWWWQWQWWWWWMIIWWQ,-232911.0,11.2885
WAPWRLWWYMILHWPWWPGFWWRWFRRFCPIWFHWYYKFP,-283402.0,15.1457
FITPWAHYLAPYFWFPWIFPWGLWYAVSRIIYKVKCPWAAWWWYCWIWTG,-449475.0,16.8431
MHWYWHWNHWWHWYHHWWHFVWVHHYWH,-363869.0,12.738
YRWWFWEWWKWWWFDKWRWWW,-105212.0,11.8078
KWHWHWRWWTWWFWHWWWHMWRWVPQWWFPW,-443243.0,13.5055
DYWWWYDYWWWYFWYRWYWDY,-161706.0,11.2895
PPYYYLYFYYYYPYYYPPLYY,-110318.0,11.1091
LIWWIHHIWFTMTPHFHYHPGWWMVMIPHWCMWIICIAWAMYWWAIFHVL,-593255.0,16.5104
WYWYYIWWYYYIYRYYYWKYY,-143584.0,11.4624
WPFWWFFWPPFHFFFWWFPWF,-145083.0,11.2167
YAYVPPIASFNWGGGPFWWWPGWYSMVPYYHWMWCWHAWFIPYWMP,-499397.0,15.4011
RWWCYWRPWYWWWRPWYPWWY,-91471.0,11.6118
GWMYPPIYPIWWITHYCPPGFYWTVLIWHLIMVIPIIGVCYYPGFIFVYA,-375871.0,16.6693
FWPGWRPYWWWWWPWWPPFWP,-161252.0,11.2164
IFCRPWAPPYWLWPPWWPPFHWPWFSNFACGRWYWPWRFP,-278988.0,14.8049
FWWFWPWIGFFFWIFYSFFFTWIFPHWFFYA,-299698.0,13.3326
WFFFRYRWYWFWWWWWDWWWW,-266356.0,11.271
LWHFGTFGCPPLWVSPPRWGWPLFLIPWSGWHVLFGWPWPWYVWPRMY,-331861.0,16.308
WWWPGWGWWFWVWAAWGWWWG,-109036.0,10.9462
FFYFFMYFWFYFYFFFYWFFF,-141783.0,11.3332
FVVPNFWFWCFLYVYWLVWWLWLPWVWWFYLYGYYFYWFHYW,-1234330.0,14.6494
WMWHWWYWMWQWWWHWFWWFHYWY,-462054.0,11.8768
YWYYHYYWYYWWYWYKYYWYH,-229014.0,11.3406
SCYRPPIFYFPWRRRPLWWVWWYWYTTGYIRWLWYHHAWWALSWPP,-350344.0,16.1263
PYWPWFWWLWGWPYWWPGPLYSWWHG,-200832.0,11.9728
PFWPCPIFVPPLFFPFLWPLPPLYTASFHWVPFFWFMFILHTLSYLTW,-411592.0,16.3366
WWWWWRQWNQWWMWWWRQWWW,-163778.0,11.5877
GPHWVHWPHHPYHHWWWHHLTLFYWHIYFHGWFFIHTHYL,-491729.0,14.6029
LYAHWIYYNLPYWYHITYMYCCYYYPYYYCYAYPYIY,-364689.0,14.5925
DIWYWFDYWMWMHCWGMYYWYWFVEWPDWVWIWWWEFF,-193514.0,15.0183
YEFWWWYQWYWWWYWWWWFYD,-247770.0,11.5109
PVGPWHHPFHLVYFHVFYWPPHPHLIHGWYIYYYFHWFFH,-382282.0,15.0036
GHWWPPHWPIWPPLPWPIWIPSFWWLPFFP,-209742.0,12.965
KWYWFKRYFRWWPWPRWWWWPYPSHLWW,-87059.0,13.3344
FWWFWWWFFFFKFFYFWWWWF,-232423.0,11.3833
WWDYPWPYPYDWYWYWWWWPW,-127170.0,11.3136
TPFWWWTLGLLLPWLWWWPWAWPHPLPWCYWMFGCA,-336308.0,14.0071
RAYWWHGWPWWWPLPWYWWFHWRWWYK,-218313.0,12.7418
PPWPPWWWWPWPWWMVWWIPW,-161877.0,10.9646
PWWFWWWPWWWWWVVWPWWWW,-341011.0,11.1735
PWLYWWWPFPWPPIFPWPPPP,-89974.0,10.9068
WFWWYYLWYYMWWYMFGFFYYPFFWYFC,-398579.0,12.7036
TSGPWPWPIYLPIWFPPSMPPPYWLWTVIYHWFWNWLIPCPW,-405180.0,15.0943
PPWPGPWWWWRWWWFWWWWWW,-281177.0,11.1181
RIFYFWWPWWHWWPWPFFRYPPFPYWAIW,-270068.0,12.947
WDDWWWWWFRREWWWWKWRWW,-153295.0,11.4317
DFHWWWWYWYWWWWFFFWWDWSDI,-255135.0,12.0412
YWWWWYWGYFHYWWWYWFMSWHIFYWHWVHYYLYHWYFYYLQPWVWHHWR,-5513408.0,14.8822
GDDIEDDELWMKPYTQKLVWCTRRTKTPRR,-133219.0,11.5978
HDWDDMFFYWPYWYYRKMRKK,-103672.0,10.2068
DDCNDIDDNWDWGPVFVMHGVYLLWRKRR,-123081.0,11.6457
DDDPFLTYYWWFYPTFGLKKK,-66888.0,10.6246
FFCWPWPLPLPPPLPPFFVWP,-49153.0,11.2382
YDDDMEWTYFYMWTTKRKKYK,-90533.0,9.8824
LDGDFYHDCFPPFMIHWFYWPKKIKIKKIF,-111111.0,12.717
YHDTYYWWFWWWLWKWKLKFWMW,-143287.0,12.0881
TWEEEEYDWYTQWMNKKKKYK,-84706.0,9.7011
DDDYDHLGAPQIWPCMLRKAWKWKRRH,-101711.0,11.1914
FWTWWPIIFFTWLWLTLPCWFWWP,-130442.0,12.0086
GLPEIDDDKDWTWYFWTGHTLKKLYFRKG,-92476.0,12.2085
FDGDDDEDDTWFYTMYRMQYHIGYWWRR,-118629.0,11.8308
DYFEDEMWYWFYWFYFYKYKK,-105958.0,10.6631
KRKKKKVLLMMWWHLLEDDDD,-113110.0,9.1985
LDDDDDGLMCYLYYWRYRLKK,-99115.0,9.644
KKKKIFKKYYYMFHYWWYDEDIFE,-134972.0,10.4779
HCLTYDDDYDWLHLFWTGTPLGKLKLRRR,-123555.0,11.6167
DDCWWWWYPRFHWWYWRRRKF,-96481.0,10.7415
LDDDDWGLLCYLYFWCTRKKK,-85973.0,9.8302
RKKCIPWWYYYIFLWTWDDWDILD,-114554.0,11.2352
DDEDKDPQEDHWMLLRTSMGWLRRMKRYM,-106539.0,11.9428
EDDLDYWFLYFFFFFRKMKKL,-101795.0,10.1642
TRKKKTTPWTRWTFTDEDDDT,-70856.0,9.4853
DDLYTWYYLWPFYWWPFWKYK,-102637.0,10.9822
DDDACPYYWIWYYYPWPKKKK,-99322.0,10.2232
DDEWDIPFVYYWFNYKRKRRK,-117983.0,9.4752
KRRKTWMYFYWWQYYFYWMEE,-86959.0,11.0343
ETEECDDFWRYDIMKMIYITKKRWKFMYR,-111832.0,12.1043
DLDLLLPYAWPWLLWYLFLKK,-49725.0,11.1447
DDLDLDWWGGTPWYPLKKRKR,-83485.0,9.5805
CMWDQDIDWPPGIPLPIFLTRYRVKYMYG,-73796.0,12.9746
DDDDDLWFIFMPWMYTTTRRK,-77860.0,9.9825
MDTDQTLDWHIMIPLQFSFYRKRKWYKRF,-93413.0,12.4149
RVKKKYYPPVPLYWYYPDDDD,-96140.0,9.7939
KKKKKFHWWTKFTWWFIDWDYTD,-89264.0,10.843
EDEVDYYTVQTMWWTYYMRKKK,-74387.0,10.3864
DEDYWWMYFFHTFYYYYKKKK,-98824.0,10.2613
DDDDDFWWTLTFFKYNKKKTK,-95969.0,9.3711
KKKKWMYWYFYPYDDDTYEED,-105095.0,9.7164
YYDDDFFYWTYYYRYYKKRRK,-95310.0,9.8801
KKYYTYKYLYTYLYYYDMMDD,-58974.0,10.9178
DDGPWFLVLLPYLPYWLLKKK,-45980.0,11.0228
DDWWWFPYWILFWRWWKKWYK,-114538.0,10.8991
RKWKWWFWLYLFYYWDDDYDD,-143433.0,10.1041
GDDDDYYPDPYVPYKFRKKRY,-96955.0,9.2557
TFLLIFCTFLCTTMTTTWWLL,-33827.0,11.4912
KKKKKFYMYWFLLWLEQLDEYYD,-112476.0,10.591
EEEMYMETQYWWIRKRWKKMR,-70997.0,10.261
DFDYDWYFYYYFYYLTFMKKFK,-82262.0,10.9991
DLDDLDFLYWLCLYWLKPLKK,-62154.0,10.4436
KKYFKRRPWFYFFFFDGPDDD,-100762.0,9.8801
MQTFCWWFQWWWMPWWWPWFW,-151020.0,11.2943
LNWWYWWWIYWWIWWWWWDEY,-209289.0,11.3503
DDDFDDYYFCTYYWPLYRKRK,-114785.0,9.4818
KRRRTLYRWYIFFYTAYWDYFDD,-107040.0,10.8365
KFRRRWTWWYFWWWYDWFFWM,-121279.0,11.1433
KKKKWWKKKFFMYWDEEFDDE,-129092.0,9.2306
RKKRKMIFFWFMWYFYFWEEE,-108358.0,10.3928
DDDDDHWWYTYYMMKYKKKKK,-130485.0,9.1562
KKRRLPFLLYPLLIYWLLDLD,-52600.0,10.7983
KKKLPYLPIGYFWYDPPDYPD,-45126.0,10.5592
KKKVWMWLLMLLLWLLMDLDE,-58634.0,11.0647
PWPLWAWLPLPTGPPPWCPLP,-44693.0,11.1405
DGDDDDLYVPYCWLYPRKKRK,-100341.0,9.1591
KKKKYKWYPYYYYWFTPYDDD,-111154.0,10.0114
LLPWFTPPPWWWLWWPPWGPP,-88790.0,10.9637
EWWYMWMWQWQWWWWWFWKKK,-142691.0,11.3213
DYDDDTWTTDNWTTTYKKFKK,-57531.0,9.8721
DDDLYLWFYWWPLPPWPRKPK,-81272.0,10.5523
DEFEMLFFFFFWFFFFMWKKK,-81775.0,10.9226
DLDMEDDWWFFYTWKKRKKKK,-123134.0,9.1205
DDDWEWTWYWYWWYWTYWWKK,-142790.0,10.7979
KKTKRYMGLYWHPWDDDYDDD,-80731.0,9.3332
DDEMDTTLTFTWWFLIVRKKK,-80749.0,10.1435
DYDDDYMYLYYYRRLKWYKYK,-111858.0,10.1541
KKPPWPWPFPIPDPWFPPPPD,-34273.0,10.8713
DDDFDLIMLYWWLTKKKFKKK,-95376.0,9.6318
RRRRLRFRWWFFFYWFDFDFD,-122945.0,10.1654
RKKKIPPWIPGYWADYWGDDD,-77276.0,9.9376
FFFFPHPWWFFFFPFFFWFWW,-131027.0,11.391
DDDHWYPPPWLPFWFWPRRRR,-107088.0,10.1805
EWWMEWLWMFWWYWWWRKKKK,-111824.0,10.9091
KYTKWYKRQYWLQYMYEYEEE,-61164.0,10.7115
KRKKKTLNQWFLMLWDIDDEE,-90729.0,9.405
EFDDDFFFFFFPYMFWFFYKRK,-100091.0,10.5686
DDYDDDLPYPFGYWPKRKRKR,-107202.0,9.0406
LWPFWWPWPYWPWWPWFPYFP,-141220.0,10.9912
KKKMKLLGYYYYWMLIWDDDD,-105223.0,9.966
DDDDDYWYPYPWPPFYKGRIK,-77669.0,9.9417
DDDLLLHWPLWLLTFWKKKRR,-84987.0,10.0539
KRPKTWTTWTTTTLYYTYDED,-45883.0,10.8466
DDIWMYYYYYYMWWYYWYKKK,-132002.0,10.9454
EEEEWIHYTTYWYYFYKKRRK,-116547.0,9.7326
DDDIYYPPPYPPYYFRRFKKR,-83724.0,9.9562
FCWFWMYFWWTWYCYWYNYWHYVHPWWFLWAPRWHWWHHHMYYWWHWWCH,-3749305.0,15.4257
YESDEEDVVHLTYYGRKIRKKPI,-73141.0,10.129
IICQWITIILWIIITGPTIII,-29777.0,11.3968
DDDIVLWWYCTLYWIIKKRRK,-97209.0,10.0043
EDDDIWSVIMILCPIWLKRIK,-56373.0,10.4753
LTTWSTWLIPTITYKLTWWWW,-49492.0,11.5407
KMRKRFYWQHFYEWEQEEEWQ,-78499.0,10.2136
LDTDDDSTWWLLMKKLNKRLR,-66136.0,10.1263
DDGDWWWIWGTWTPPKPKKWW,-68384.0,10.6456
WQPTQWLRTQQQQQEQQQQQW,-17019.0,11.996
LEPWEEELNEDNRKMQKKKRK,-61079.0,9.7685
GDYDDDPLALYFLLRVRRILR,-61522.0,10.0229
HDDDPDDPVEGAWWAPKWKRR,-63348.0,9.5257
WPWYCGWLPPPIWIPGIYPYY,-55246.0,11.2204
DFEQNENQLILLLNWNNNKKK,-27962.0,11.2718
AWDDLWPYWLWWILKKLKLLK,-62305.0,11.0541
RKKGIRGIWLLALHIWLYDDD,-61959.0,10.5327
WRKKNGWTTVLYYYYDWDDDD,-75232.0,9.9569
QQCQTWNWTCTQTQQQCFQTT,-19377.0,11.5227
DDDDFNHNLNNILLNHKRKLR,-63374.0,9.9782
EDDDWIMFWMTHGWTKRKRRR,-92345.0,9.3624
QWWWIQTQWQLQIQFQWQQTC,-43479.0,11.6751
LRKKKWYYTLTTYTIQLEEEL,-52937.0,10.5393
RKKWNYSALLLGYWYDDDEGE,-54458.0,9.8877
DDTDDTNTWTNNNSMNKWNRK,-39270.0,10.5386
YEEEWQQQMQTNQQQTKKKKW,-40230.0,10.9067
WRLLKLLLLIWIIDYWLWTLD,-51543.0,11.4772
IRKLPWLIILPLPCIWIIILV,-27088.0,11.5715
KTKKRYLNNNYLGNWDGEDDE,-58363.0,9.6919
QWWWWQQQWQWNDWHQQQQKK,-44657.0,11.6547
DGDLDDLGGLWWNKKKGRLCG,-42849.0,9.9094
EEEEEWYWNNKWTNWIKKKKK,-96045.0,9.5491
DWDDGLLIPIWIIWIRIKWRR,-73763.0,10.6323
DDGDDWVVITVVTIYVKKWKK,-52185.0,10.008
RRRRRILYYWRLYIYDLWPDD,-84955.0,10.3154
RRRRRTTYYTYLPTAPPDDDD,-77862.0,9.4103
FWTWTTIWLWTTITLIWTTTT,-46882.0,11.4192
RKKKRLLLLKNLHLDLDDDDL,-85389.0,9.3176
DDIELLILLWNLWLTTLTKKK,-47624.0,10.9916
DDDDDGWIPWPAPLFIKKQKW,-57627.0,10.0962
QQKKQQYQQWQNQWLDDEQQQ,-22130.0,11.3238
DDDDLYLYLTFLPLPVWRRVK,-67677.0,10.2705
PWLLIILITTLLTTLKWCLLL,-29555.0,11.6528
DEDEIIWIILLFYYLLFRKKK,-97401.0,10.1083
YKKRKTTTLTYVVYTYTETDD,-41533.0,10.5918
KKRKNLQQLQHLLLLYEEEWE,-65470.0,10.52
DDDYPPFYILLPYLRRRPPLR,-63208.0,10.429
RRKRTMLLAPLWPYWDSDDDD,-87817.0,9.45
DDDINLTYTIWYGTKYNRKKK,-53229.0,10.1373
TWTTCTKWKTVITTTTFTWWT,-12913.0,11.6021
DDPDIGDVIIPWPLPWKRKKL,-66855.0,9.9461
IDWIYIQQIILKIIIILIIWI,-43136.0,11.8791
LDDDQQQQWTLQQWWQRLRKR,-57597.0,10.5073
RRRWGCLGLLLIPPIPDWDID,-34692.0,10.7597
DEEDDEYLYNFLNWLFWKRKR,-96078.0,9.4464
IIIDIIIRIKLIWIWWIWTWW,-61830.0,11.7207
RNKNTKQNNHWNNNNTNEEDD,-30340.0,10.8534
WPIVWIPCPPGPTIGGPKPPP,-14511.0,11.2559
DEDDDSIPLTLGTYHWTKRRR,-77195.0,9.4285
DTDDYYDTYTYYYFLLRKKKK,-92517.0,9.6472
RKWWLYPPGVGFIWPPWDDDD,-53908.0,10.5377
TQQWQQWIQQQKLQQFQQQYW,-27383.0,12.0147
WPITPYPWLFKPPPPYLWPWP,-48261.0,11.2747
KKKRLYWLLNLNNLNIDNIDD,-53607.0,10.5551
EEEELEQEQQWHELRWRRKKR,-81785.0,9.4231
KIIIWICWIIPIPIICIPCIC,-25924.0,11.4885
LWDDHWWLLIYLLLFLLRRKW,-72132.0,11.1271
RRLLYLRYLWHFYFLWDDDDD,-102361.0,10.3876
QWTEEEQWQWWQWWLQQKKKK,-70130.0,10.9265
RKKRLGYLFPFWIVVDGDDDD,-83598.0,9.5323
PPIPPPPWWDWPWPWPWKPPR,-47481.0,10.9159
EELEEEWWLLFLMWRLQKKRK,-101361.0,9.794
DDTPDIIWTTTWPTFIKIKKK,-45326.0,10.5679
WNKKQKQNQQYQNQNQWWEEQ,-22362.0,11.5038
DDDDYNPLLLLVFYLLKKFKL,-57200.0,10.5092
TDDEWTDTGIGCTWGNKKKGR,-34704.0,9.9611
LQCAWWCPCCCTVCCCTCPCC,-14971.0,11.1253
KKRVKLTLLTWTLFHLDDDDL,-67221.0,10.0001
KMKKKWKYMWNMMNWTWEDDW,-64308.0,10.2705
CWQQQTQQTTTEQTQCTYTTW,-8665.0,11.8797
RRKKKAWVPVTIWAATGDDDD,-66180.0,9.4074
KRRRYLPWYILWLRLTWDWDD,-84704.0,10.5987
PDYDWDWPPAPPAILWKRKKK,-60972.0,9.8806
DDTNDEDCGGGGHGWKKKRVK,-53625.0,9.2815
IIIIIIIIIWWTILIYILWTH,-59363.0,11.5072
QEEDQQQQQTLLQQQQRHRKW,-24906.0,11.2632
KWKKTGLITITGPCIWDDDWL,-37710.0,10.6541
PKRKTWPTMTTYTTWTDLDDD,-53654.0,10.2703
WTIWQQQTWQLQWQKWQTWTW,-41978.0,11.7916
YWTTTTTITTTIQCIHTIQIW,-17772.0,11.7629
EQEEEFFMFWQQFQWKKWKKR,-79906.0,10.1697
KRKRINNNLLGWILLNEEEDN,-53750.0,10.1436
KRWKLWTTFLLPPLDDDDPPP,-53715.0,10.2756
PWTTWTTFQWPPPLTWPWWTW,-60305.0,11.2726
DDIIWWIWLTLITPIIITKKK,-48941.0,11.2619
DDIIPWLWWTIITPPIITKKK,-44150.0,11.1012
YWWWWYWPYFHYWWWYWFMWWHIFYWHWVHYYLYHWYFYYYQPYIWYHLA,-8969466.0,14.846
AKIIRINIKRKIWRIMLGWGEDEENDYD,-101666.0,11.4334
NKKWRRRVWKFVFYDTWWIDDGPMD,-112411.0,10.9242
LWWNWYWWYFHYFWWNWHMNPHWFYWHWVHYYKYHWYFYRLKWWHWHHWR,-2505414.0,15.6056
WKKWRIRYQYHMPHGDGASDDDEMD,-84246.0,10.6814
LLITIQTILTIWTITIICWIW,-37327.0,11.6824
DHNDDLDLLPWSILILWKKRK,-70912.0,10.1364
DDHEDNQHQNLTWYPMLFMRRTKMKKH,-93149.0,11.7457
THWWWTWTTTTTNKNWTWWWT,-49998.0,11.4319
DELDDELVGQELRLSFMRRRKMKKH,-88939.0,10.291
RRKWILLVCQNHNQNTEEEEW,-40573.0,10.8828
PWDDDQLLITPMIITWIYKRRFR,-77455.0,10.9183
WDDDDTLLLTSLYWPFRIRRL,-67624.0,10.4575
WWEEENMQWWQNQPQMFKKKK,-50105.0,10.8851
PIWIYITIYWPPLPIPYPWWL,-69529.0,11.2319
WDDDDILLLNVLYWPKRKKKL,-90203.0,9.5807
DDEGDTTMTTTTLVWTKRKWK,-52040.0,10.2035
QLQQQNQQWQQQHRQQMQWIW,-22260.0,11.8582
TWDDPWPYTWPYYWWPWPKKK,-72202.0,10.7726
KRRYRINLYYISMVDDGDLDD,-74973.0,9.7243
KKKRYLLIQWLILQWIEQDED,-83994.0,10.3776
QQQQWQQIQICAQQFTQWQIQ,-16284.0,11.8464
WLEEEEEETFMWFTFYKRRKR,-97740.0,9.5443
DYDDYVWTTWGTLTKHTKIKR,-44130.0,10.6924
DDDDYDVNYYCWVHWKHQCKK,-61355.0,10.3045
YDDEDLWNYLYILLRLLRRRK,-97207.0,9.8069
KKKTNNLWLNQQIGNDDDWWI,-41933.0,10.8449
IIIPCIHIALWIWKPIILPPP,-28914.0,11.3158
EEELDLLYHQTTLLWTKLKKR,-63932.0,10.3718
IIWWFQWLQIQQIIWQQQIWI,-57177.0,11.6094
DDDDIQFNFTTIHIQLLWKRK,-67614.0,10.435
QWKQQQKLQQMWEQEQIQQQW,-17578.0,11.9745
DDGDWDLGTTLGLGWGGKRKR,-48392.0,9.7821
DDPYDINNYVYTPPRWKKKKW,-57076.0,10.2208
KYKYGKKPGWPVTLYWDDDDG,-58481.0,9.931
WKRQKYKKQQWDWQQYQYEDW,-43235.0,11.0487
KKKYKSWLLLLYLLILWDDWD,-76148.0,10.4531
RRRKKKFKWQTLWAEETEEEE,-92995.0,9.2069
TIWIIIILILIIWIIWIWRII,-62014.0,11.6581
LDYDDDDFGLFWLPFWLRRKR,-101539.0,9.5453
EDDDTETLTTGWLWCNLNRRRR,-72933.0,9.8417
WKKIKTIITIQIIIDILDTWW,-33665.0,11.6224
LDDDDDIWYGVHIYTYHKKKI,-62879.0,9.8985
RRKYLLPWYIILYLAYWDDDD,-91554.0,10.2578
DLHYDDWFYLLLWRFRRFRRN,-83439.0,10.2608
WWQQQQQKQQWQQFYYQWQWW,-53077.0,11.8832
DDDIWIIWVYIIIILKIRKIT,-62476.0,10.947
DDDVDAVFYLWLGWGKRRKKR,-84035.0,9.3473
DDDDLALWWLGPLRIGPRRRK,-80936.0,9.6187
NKKKKLNQHNNNLNNYEWEEW,-41971.0,10.705
EDEDYDWLLNKHKRYRWKRKW,-93806.0,9.6202
RRLRRPWPHPPIIWPWGVDDD,-63849.0,10.2391
LWTWTWTTYWWTTTTIWWTPT,-56655.0,11.2005
EEEEDLNYWLWNFFNFKRRFK,-93020.0,9.9758
DDDPDYPIYIGMIPYIRRCRR,-73181.0,9.8877
WDDWPIIYTLIIIILWIYRRW,-59521.0,11.4393
WKKIKCIITIIIIIDIEDDWQ,-46950.0,10.8492
DDYDYWDYYLLMWLKRRKRKG,-116680.0,9.377
RRIKRYLLFNLLILTNVEDDD,-71391.0,10.232
EEDDLMNLMLMYYMTKRRKKL,-81603.0,9.6625
RRIRRIGCWWPWWPLWYVWDD,-79480.0,10.7529
QFQQEWQQWQQQWWQQQKQKI,-17852.0,11.7892
LKKIKKNIWYILILYIINDDD,-57633.0,10.591
ITPWTWTMVTTTCTTTTWTCI,-20973.0,11.3954
KRTRLYKLIIIFLWLLDDDDD,-92671.0,9.8978
RKWPKKNWCGGPPPQDDDDHD,-62158.0,9.5958
ILIILPIWIIWLIIKKIIIAW,-30856.0,11.7135
DDDYLYYLDLYQLLLLRLRRR,-76980.0,10.315
KKKYKWYWKWYIGWFIWPDDD,-84736.0,10.2251
DDDDDYGLYVILPIFGRKRKK,-84480.0,9.0337
LRRPRKWPYWPFWWPPWDDDP,-104081.0,10.1468
DDDIDIILAPVWWIIWLPRKK,-73166.0,10.4613
DDDTDTTLVYYYTTLLYKRKR,-77552.0,9.9605
YTTTPTKYITITTTYTTWYTW,-24221.0,11.6579
KKRNGKWCWGGITIGCIDDDE,-45159.0,10.0005
KKKLLPLLLLIILLWDDWWLW,-59774.0,11.3318
KRKKKFWQWFQWMMEIWFEEE,-91384.0,10.1639
WDEDTTQQQNTNLQNQRQKKW,-27054.0,11.2604
WLWKPLLLFLLDWLLFLWLLW,-63751.0,11.6042
KKNKKKLLLLLIYILEDDYDY,-74785.0,10.0311
FRHGKKKRQRGQLMEEEEEET,-58969.0,9.5433
IDDDDDIPPYPPWLPLRRHRR,-94537.0,9.4947
DDDDDFLNNINNWLNRNRRKN,-74404.0,9.5118
WTTQQTTTTCQTQWTTQWWIT,-24216.0,11.6293
DDDYWLLLLWLWYRPRPWRRR,-101486.0,10.288
YEEEEWWQQYLQQQNNLKRRQ,-48981.0,10.812
GYTIILIGWICIIWIIIIIIG,-35340.0,11.1463
MQWFTQQFFQQQQQQQEQQQW,-14721.0,12.0812
RKRLLVQYTTLTLVLWDYDDD,-55711.0,10.5713
VDDDYLTLYHYWLTLLTKKKK,-67094.0,10.2966
DDEWDESWGLTELLTLLFKTQKVYRKR,-99977.0,11.2617
AIKLKRIRKRAWIRALYAWFYLRWDFDDDPDT,-155870.0,11.7363
KRKKKLLNYWFLKLSDIPYTEDTEYQNEGEDD,-151639.0,11.8714
DDDYDWLVVLIIWPPLLLIRPKFKRRK,-133233.0,10.8277
AEEVCDQDWDVEWEMIIIFHDWSGQKCSRRKHK,-94568.0,12.5696
DDYWTDLCHDINGFNRKYFPKKANRRYG,-71127.0,12.0255
YWWWWYWPYFHYWWWYWFMWWHIFYWHWWHYYLYHWYFYYWQNYGWYHLF,-11126138.0,14.6004
RRRKKRFMWTTTAFPETEEEE,-77030.0,9.3631
DDDMDMTLSPTWWFMIRMWKK,-58112.0,10.4867
DDWMDEYLTWTWWEMWWWWHF,4963.0,11.9945
DEDMDMTLTYTWWFLITRKKK,-83191.0,10.1356
KKPKMPWPINWADWWLWWGHA,-35585.0,10.9745
DFFWMFWWPWWHWFWQYNYWHYVHPWWFLWAPRWHWWHHHMYYWWHWWCH,-4145103.0,15.1785
DDEMDTCGAPMRWPQMVYEFWKVKRKK,-79733.0,11.5552
TKRGRTARKTGALCRTYFACYSDDDVDVDIDE,-123861.0,11.6423
KKKVWMWLMMLDLWLLMDLDV,-45962.0,10.9845
PWWFWWWLWWWWWSWPWWWHWYCWYWPVWIYWWY,-2385082.0,12.9808
IRRKKNFKWQTLWAEETEEEE,-77371.0,9.5728
YWWWWYWPYFPYWWWYWPMWYMIFYWHYVPYYLYYWYMYVYQPYHWIMLA,-5043072.0,14.7201
TKRKRTGRKTGAAGRTFEVCNNDDDDDQDEDE,-81841.0,11.0805
TKKERQLLWTRMWFRSIWAPPRDEDGDQTEDE,-77025.0,13.4856
KKRRWPWPFPFLDPWFPPPPD,-45464.0,10.7709
WFWWYFLPYFHYFWWFWFIWWHHFYWHWVHYYLYHWYFYYYQPYIWYHLA,-5203265.0,15.0536
KKRKKMFKWQTLGAEETEEEE,-75975.0,9.3171
KKKLPYTPIRYLWYDDPDYDL,-62733.0,10.4298
TKRDRTRRKTGNLGRTGHACHNDDDIVVDADE,-82970.0,12.1673
TKIGRMRRKTGACGRTGYACYTHDCDDVDHDD,-108311.0,11.6934
KKKVWMWLLMLLLWLLMDLWW,-53368.0,11.58
EEEEWIHYTTYWYYFYIKPRK,-78292.0,10.7373
KKRPWPWPYPAPDPWFPDPDD,-63300.0,10.249
YWWWWYWFWVLYWRYWYFYWHYNHPWWFRWAPRWHWWFHHMTYWWHWWCH,-4343442.0,14.9714
WKMMWMWMTNIMEHMGGPLWW,-33018.0,11.777
KTKQWWTPGMERYQLHRMRFEKYLDEPEEL,-42270.0,14.0533
DDWYDELGAPQMDPCMIRVDWKVKRRQ,-61578.0,11.9534
LECWMPMFVELIHDMEIERLRLKHRWI,-38017.0,13.2152
TKFDRYRRKTGALGKFGYALDRTDDDDVDPDE,-84460.0,12.0667
WWWWWYWGYFHYWWWYWFMNWHIFYWHWVHYYLYHWYFYYLQPWVWHHWR,-6318304.0,14.8228
QRRKMKFFWFTLWAFETEEEE,-70299.0,10.008
KKRPPPWPCMLWEWPMDDPME,-41784.0,10.6619
DFFWLTWWWWWWWFWYWFMWWHIFYWVWVLYYWYHWYFYYYQPYIWYHLA,-9142608.0,14.856
DDDMQAFLTFTWWYLIMRKKK,-79067.0,10.4094
YWLWWYWGWFHYWWWYWFYWHHNFPWWHSWAWRWHWWHHHMYYWWHWPCH,-5720625.0,15.0094
KKPPWPWPGPGMDPWFPPPPD,-27958.0,10.9009
MRRKKKFKWQTLWIEFTEEEE,-77055.0,9.6877
NRRKKNNYHNTRWEIYSEDDEMWETYMP,-86003.0,11.8943
RRRKMTFWWWTFWIEEFMEEE,-98034.0,10.1835
YLWKTYWPYFLYWDWCMDDDM,-38153.0,11.1685
MWQWWGMMGFNLHSMMLMLGI,-28430.0,11.4032
TWWWTYWMYFHYYEGLNKRRK,-40501.0,11.5709
TMRGRTRRKTGYSGRTGYACTNDDDDDVDEML,-89890.0,11.3609
YWWWWYWPYFHYWWWYWFMWWHIFYWRWMFYRLWFWYFYWYTPWLWPHLA,-8110933.0,14.7382
TDDMPEIPAQPTDWCDLRRAARWRRRH,-63855.0,11.6733
RRRKKFFMHNHLTAEEMEEEW,-77407.0,9.6562
DDDYTHWNISPEMKFIYMWETWRKHVF,-29388.0,13.2356
WHWYWHWNSWWVVWHQWFHHWHIFHWHWVHYYLYHWYFYYYQPYIWYHLA,-2685050.0,15.2827
YDDDDMHLTFRWMFLIPRKKK,-79629.0,10.0568
YWWWWYWPYFHYYVYWLVWWNWLPWVWWFWLYIYPFYWPHYW,-2766874.0,14.2325
AKRGRIRRKTGAGIHTCRAIYEDDSADADEDE,-114448.0,11.2694
PWWWWYWMYFHYWWWIWFMWWCIFEWHWHHWYWYHWYVWYYQPYHWYPHW,-7250308.0,14.9437
RRRRKKFKGCTLWAEEEEGEE,-77832.0,9.0239
HEWDDFERMEDNWYGTCKQHIKHGDKGKMYKT,-49304.0,13.8552
YWWCWYWFYFHQWSWYTEEEE,-32919.0,11.6828
YWWWWYHPYFHYWWYYHFMWWHHFYWHWVHYYLYHWYFYYYQPYSWYHLA,-5556792.0,14.6272
QKMTKYFRKPTWVGDMTWCQILDEDME,-49166.0,12.1091
DCWDTEDPMEIQPWNRYYLTRIKFKLA,-63824.0,12.0242
HIRFTRRSTHKSDMMTIEWMWKEWDEH,-34774.0,12.9268
YWWWWDWPYFHYWWWYWFMWWHWWYFYWWAFWKYWWCWYYWLIYIWECHW,-9891459.0,14.6595
MEDDENSIWFVTRWCYADKVMRTMKLK,-54336.0,12.5759
DDDYDNQGADMIWMCSLRWQPNMKRRH,-88435.0,11.8419
YWWWWYWPYFHYWWWYWFTWWHIYYWHWVYYYLYWWYFYYYQMNMWYHLR,-9903239.0,14.8151
YFWWWYWWYDWYWYWYWFRWWHIERWHWVHYWLYHWWFYYYYMYIWYHLA,-8406595.0,15.1026
YKRGRTARKVGNLGRDGYACSNDDDMDVDTME,-81354.0,12.1611
DDDYDHLGAPCEDLCLLFKAWKWKRRH,-110163.0,11.0751
TKRGRTRRKTVALMKTGYACGNDDDKDVDGDE,-104202.0,11.8315
RRRPWMWPFPMPDPWLPPMLD,-35891.0,11.003
TPRGRTRRKTGALGRTGYACYADDDDDVDEDW,-107758.0,11.2134
MTHMWFWWYMNATMMTRRQRML,-15244.0,11.9246
RKRKFKFSHSTLWMESTEEEE,-69738.0,9.6898
YWWWWYWPYFFYWWWYWFPWWTIFYWHWVHYTYYHWYFWYYQPYIIYHWA,-8244679.0,14.9392
RRRKYMTKWQTEWWFEFEEEE,-88736.0,9.7587
WRRKKKFAWCTLNDEETSEYPMVHDI,-64932.0,11.6014
PWRHMKFKWTFKWADETEHLQCEWDMT,-52091.0,12.6737
PRSKKKCKWQTLWGEEDEHEPMHLMMKWTE,-72366.0,12.842
MHWYWHWNHWWNWYHHWWYWKYSHPWWFLWAPRWHWWHHHMYYWWHWWCH,-3628493.0,15.2822
YWWWWYWPYFHYWWWNLVWWLWLPWMWHFYMYHYYFYWFHYW,-3387652.0,14.1781
RTRFRRFKTQTYWIEETEEEE,-77612.0,9.7548
WDDDDQDVAWWWWFWPWWWEP,12542.0,12.0564
MLLRKRRLYFSMWIDDTDYDS,-69576.0,10.0254
YWWWWYWPYFHYWWWYWFMWWHIFYWLWVHYYLYWWYFYYYHPYIWYHYA,-12816604.0,14.4889
KKKRPYLPIGYFWYEAPDDPD,-66340.0,9.9171
DDDYDHIPLTPYYAFYPKRRF,-65439.0,10.2003
TRRPKKFKWQTLAEEETEEET,-61875.0,9.645
RMRKKKFKWMTKWTEETEEEE,-79370.0,9.5687
KKKMVTWWWPDPDPDFMMPPD,-45611.0,10.6989
TGVGRTRRKTGALGRTGYRCYNDWDDDVDEDM,-109933.0,11.5807
MKRGRDRRKPGETGRQGVACYNDDDDDVDTDM,-87377.0,11.741
DDDMDTTLTFTCYYFYRKRRK,-85851.0,9.5247
GMGWWYHWRHKWRWNLGHGLG,-15688.0,11.1498
KKPPWPWKWPLRWLWWDDPMM,-44627.0,11.0669
RPRYWKFKTFTLNFLESFEFDDGWDA,-62615.0,11.5072
KKLHWIWMFMGMGMYMHLTMW,-29241.0,11.6206
GPWPYMPIWWWWWCIYWFMWWHIFWWHWVHYYLYHWWFYYYPPYIWYHLA,-4798635.0,15.1033
FWWWWWWPYFCYYVHRLVWGNILNWWWWCWDWFWWFNLYIAWFYWPHYW,-2726225.0,15.6045
TKRGKKARKNKALCRTYDACYSDGTIDVCDDD,-114408.0,11.7888
RRRKMTFWWWTWEIEETYWEE,-84608.0,10.4509
DHWTWLWLHWVIWYHHVWIFLHWYWHWNHWWHWYHHWWHFVWVHHYWH,-2677610.0,14.9928
QRLIHWWLWKWWWAWRWYWWFMWWRTWWNWWWWQCWYWPVWIYWWY,-2705470.0,14.8307
ERYKKRRRKKKKLKWETLWYEETEEEE,-94698.0,11.0229
PWKDWWWLEFWWWSEPWWWHFIWWAWPDWRQKYWFWWWLWWWWWSWWY,-3234926.0,15.1363
TKRGRTARKTGALCRTYFACYSDDDVDVDIDE,-124298.0,11.7212
MCWYWQPGWLHIWPMHHWVHFWYWWHGWPWWWPLHHWWHFVWVHHYWH,-1847655.0,15.4665
EFWFWWWFYPWWWSWHWWWTPYWMENWLWWEWDYCWYWPVWIYWWY,-1596134.0,15.3025
PWWFWWWLWWWWWSWPWWWHWYCWYWPVWIYWWY,-2513592.0,12.8632
KWVWNWHRYFHFHVYWLFYWYWRHWYWPWHFFDIWFWLYLLPFYWNCYW,-2024337.0,15.7045
DDEMGFTLDYEMDTFTWWVMKVRKKK,-96137.0,11.2982
YWWWWYWPYFHYYVYWLVWWNWLPWVWWFWLYIYPFYWPHYW,-2710803.0,14.2669
DDHMDTTLPTVDEMFKTMKPYFYKKRRK,-98325.0,11.7605
KGHWWHWNHQWHWSHKWRHFVWVHHHHWYWHWNHWWHWYHHWWHYWH,-1494501.0,15.6806
WTFQWWNYLWNYLNWYMFGFWHFGNYYLWYYMWWYMFGFFYYPFFWYFC,-1585694.0,15.5336
EEEEWILYPVYLYFFFKRRRK,-103963.0,9.8348
HKLRWNQWWWWWVWFWPQWFFWFFWWWWWWWFWPWWWWP,-4157440.0,13.8291
PHWHWIWNRWWPWVHMYWHWNHIWMWYQHWWYHHWWHFVWVHHYWH,-2027197.0,15.1242
MHWMHWYWTRTIQWHWVHEWWHFVYWHWNHWWHWYHHWWHFVWVHHYWH,-2073064.0,15.969
RRRKKKGKWKRMECEETEETEEEE,-111114.0,9.7818
GKWWWWPPWWWWFRWWKLEAWCCQGMWWFWWWWWATWWWWYMWWSWWVA,-4538380.0,14.6383
LFSWFFWRHWRHWYMHKWHRVWVHHYDFFWFFWWHWWHWYHHWWHFWH,-1943650.0,15.1086
DDDGTAFWTFTWYYIWLKKKY,-65914.0,10.7406
APPPPLWFFPMGCPPPHPWFDPWFPPPPD,-53560.0,12.934
DDIIDMDDEMYLTFTFMFLIQRKKK,-88594.0,10.9067
DQWLFVDRWVWWRLWKWWKSKWLWWWWWSWPWWWHWYCWYWPVWIYWWY,-2956656.0,15.2251
DDDDLMDTQLTFTWWFLIHRKKK,-99167.0,10.2436
WPIPLIWHWMTWHLYPGLITPWVWWNWWILLSPWWGPWWWWRWWWWWWW,-3000460.0,15.2787
DFFWINYGMWWWWVYSLVWWLWLPWVWWFYLYGYDFFWFFYFYWFHYW,-1958436.0,15.1591
KKKKPFMPWKPPYAIPFYIPDPWFPFIDD,-99427.0,12.4649
PAWFWSVPRFWGPLPWPWWKWWWPWWWWPLPWYWWFHWYWWFHWRWWYK,-3320370.0,15.2842
MEWYPHWHHIWHWMHHYTHWNHWFHWYHHWWYHHWWHFVWVHHYWH,-1581496.0,15.1012
RRRKKQFKWQWSWEEEYAEEE,-103569.0,9.4882
DFHFHFWDFNWFNYWWLLWTEWPWWWWWWWWWFWPWWWWP,-1952091.0,14.4811
DKRQFFEWWWTWNFWYFFYNFWWWWWWWFWPWWWWPWWWWP,-3915443.0,14.0546
QFWWWHWNHWWVEYHHWHHFVWVHHYWFWYWHWNHWWHWWH,-1439656.0,14.525
DLFWFFWWTDWWFFPWAFFWFRWDWRVLRWFWWFNWWFWWWWWW,-2676214.0,14.4536
DDDDMMDTVPPAYAYFFWRELIVRKKK,-92656.0,11.4159
HHTTWWEPWWATWWVIPWWWWFWWWACWWWWYMWWWYMWWSWWVA,-4422915.0,14.408
RARWLWILYFPWWSWPWWWNPYIQWWPVYWWWWYWPYFWIYWWY,-2885709.0,14.4922
RRQKKKKKRTQLKCPASCEEEEEEE,-67162.0,9.9618
PWQFDWEPWWKWWVYWLVWRNWLPWVWPWWFWWWWFWLYIYPFYWPHYW,-3776642.0,15.3039
KKPPQPWWIPDKPPCPPPYPYPDPWFPPPPD,-53672.0,13.6901
DDEMMLDAFWTLPFTWWYTRVRKKK,-118418.0,10.9468
DDDLDEMWAWRRKILYRRKFK,-94225.0,9.6976
DDETDLYLTFTDYNIYWHIMVRKKK,-103381.0,11.2297
YRWYFHWNHWWHDYHHWWHFRWVMHWCWHWNHWWHWYHHHHYWH,-1458350.0,14.7205
RRAKKPCPKRMAPAITTFDCYSDDDVDVDIDE,-123993.0,11.6015
WWWWQTLWFWQWLNSVWVYFIMMRVCIWFWWYMWWYWYWWFHWRWWYK,-2636778.0,15.0983
IPWWWMFWQDWLHQWAWEWWWFRWFWWATWWYWWYWWFHWRWWYK,-3364064.0,14.4924
PAYLFAWIGWLWWSNAWFFDPWLWSWWWSWPWWWHWYCWYWPVWIYWWY,-2579431.0,15.2257
RRFKKKFIWQVCWLPAYLDEFDE,-92233.0,10.5328
DDIAWWWTWWKWWRQPRWDDVAWWWLWWWWWSWHWYCWYWPVWIYWWY,-3228630.0,15.2668
GNFWFTWWLWWNWDGFQFWWWWWWWWFWPWWWFWPWWWWP,-4197327.0,13.5971
PWWFVWYPWWWWLMVMPPHLTLFYWHIYFPWWFWWWPWHGWFFIHTHYL,-2873850.0,15.5844
PPWGWWWRWWVWWSHRWWKQWWFWWWLWWWWWSWPWWWWW,-2814912.0,13.8264
IWWFETRIQIWWQECWLWWMHWWWDVWWYWIWIYMWFWDFWWWWWFWWW,-3257805.0,15.5536
RRRKLKFWWTTLWEEQIEETE,-88546.0,10.075
FWPSWWWSGFWWFWPWIIYFWWIFYSFDYFFFWIFYSFFYYPFFWYFC,-1942551.0,15.2133
MRWFWPYAYWHWMHWMHSPHCWTHFHWPHWWHWYHHWWHFVWVHHYWH,-1728104.0,15.3531
RRRKKKIKWQTLWDEFVEEEE,-100930.0,9.2592
AEEDTVWAFFWVFWWWSWFWFWPWTFWFFWWWWWWWFWPWWWWW,-4804096.0,14.5504
WPPPPPWPYPIPDPDFPPPAF,-13374.0,11.3099
QYEDDDDGMNVTCYFTWKKLKVRYKK,-83028.0,10.6037
PIWPYWHHPVRWWLTLWWWWWWNWYWKHGWPWWWPLPWYWWFHWRWWYK,-3109408.0,15.3104
RKKGRTKCKTKAHCRNFIACDSDDEVGEGIDE,-113887.0,11.6326
KKPPGPPPGPWWWWFPCTGFWFPPPPD,-60745.0,12.2745
LDEFDEIDADTTLRFEWWFLHVRKKK,-85967.0,11.2238
YRNWWYWNMTVYYVHHWWPFPWVHHVWHWYWPYFHYYVHHWWHFHYWH,-1708457.0,15.2137
DDQMDLDFTGYMLTFTWWFLIVRKKK,-94531.0,11.6236
VHFWFYWWWNWWWPWPEWWFWFWFFWWWWWWWFWWP,-3353642.0,13.2444
LLDEDAIEIWMLDFNLWMLIRRKKK,-109381.0,10.8467
QKWPPNWPNWPWWWPLPWPWFFHWPPWPWWPWWWPLPWYWWFHWRWWYK,-2978106.0,15.0517
ENFWDFYMFFDWWDFYWMWSDNQWWLFWPWGFWWWWWWWFWPWWWWP,-1877024.0,15.6275
IKPPGQFPPWPKPWPIPPGYMPIPDPWFPPPPD,-73217.0,13.877
DQDDDHFFMQVFLGNTYWFKIMRKKK,-105384.0,10.9167
RRRKTTTWYWTFWPEEFVDEF,-79035.0,10.3114
DFFGDFWWPFVWWFVWWWPWWWHWWWHHLTLFYWHIYFHGWFFIHTHYL,-2330541.0,15.4822
RRRKMTFWWWTFLVEEFMEEE,-91650.0,10.1598
QFDWYWKYEFEWRWDEWWQHQWWYHGWARMILWWWWWRWWWFWWWWWW,-2748019.0,15.4815
RQFWFPEDRFQWFFWWWWWWWFWPWWWWWWWFWPWWWWP,-4607577.0,13.9353
MHWYWHWCSMMVHWYINTGTHYQHHWIHFVWWHWYHHWWHFVWVHHYWH,-1309923.0,16.2732
QRWLFAWVLPWWWCGAWFHWWLWFYWWSWPWKWWWYCWYWPVWIYWWY,-3261717.0,14.9699
DETDQFWTWLGDTFRFFNWWWWWWFWPYWWFHWWWFWPYWWFHWRWWYK,-5160774.0,15.0843
DFLEFDFYWEFWWHWYAWFAPWWWWFWWWWWWWFWPWWWWP,-2736349.0,14.1406
PWSSWWWLTWWLDTPHWSHFVWVPWWFRWWLWWWHWYHHWWHHYWH,-2406560.0,14.7747
PVAFWWWWWMRWRVFARMHWYWWWWWWRWWWFWWWWWWWW,-3566617.0,13.8854
DFEWFFWWVWWWWFWPRKWRMFFWFFWWWWWWWFWPWWK,-2473472.0,13.8727
EEEEFYIYETYWHYFYFKRRK,-92312.0,10.0837
MHWWVHWPHAYPHWYHWLHWYHHMGHFNHWWHWYHHWWHFVWVHHYWH,-1736381.0,15.1548
DLFFFVITWRWWWKTRQWWIRYCWYWPVWIDFFWFFWWWWWWWSWYWWY,-3732455.0,14.8996
PPQPNIWWWWRWSWFWTPPHVGPWWWWRWWWFWWWHFVWHFVWVHHYWH,-3438158.0,15.4857
YDWYWHWNPWWHWLHDYVWPHHWWHWYHHYHHWWHFVWVHHYWH,-1310138.0,14.9672
KKVWWWHWLWWRKWWWWEWMKWWATWWWWYMWWATWWWWYMWWSWWVA,-3483560.0,15.1764
